concept,id,prefLabel
https://osgeo.geolexica.org/api/osgeo-concept/c1,1,3-D Elevation Program
https://osgeo.geolexica.org/api/osgeo-concept/c2,2,3D Information Management Domain Working Group
https://osgeo.geolexica.org/api/osgeo-concept/c3,3,3D Portrayal Interoperability Experiment
https://osgeo.geolexica.org/api/osgeo-concept/c4,4,Abstract Specification
https://osgeo.geolexica.org/api/osgeo-concept/c5,5,ADL Gazetteer Content Standard
https://osgeo.geolexica.org/api/osgeo-concept/c6,6,ADL Gazetter Protocol
https://osgeo.geolexica.org/api/osgeo-concept/c7,7,Ambient Geographic Information
https://osgeo.geolexica.org/api/osgeo-concept/c8,8,American Geographical Society
https://osgeo.geolexica.org/api/osgeo-concept/c9,9,American Geophysical Union
https://osgeo.geolexica.org/api/osgeo-concept/c10,10,American National Standards Institute
https://osgeo.geolexica.org/api/osgeo-concept/c11,11,American Society for Photogrammetry and Remote Sensing
https://osgeo.geolexica.org/api/osgeo-concept/c12,12,American Standard Code for Information Interchange
https://osgeo.geolexica.org/api/osgeo-concept/c13,13,Anti-Grain Geometry
https://osgeo.geolexica.org/api/osgeo-concept/c14,14,Application Programming Interface
https://osgeo.geolexica.org/api/osgeo-concept/c15,15,Architecture Domain Working Group
https://osgeo.geolexica.org/api/osgeo-concept/c16,16,"Architecture, Engineering, Construction, Owner and Operator"
https://osgeo.geolexica.org/api/osgeo-concept/c17,17,Association of American Geographers
https://osgeo.geolexica.org/api/osgeo-concept/c18,18,Association of Geographic Information Laboratories in Europe
https://osgeo.geolexica.org/api/osgeo-concept/c19,19,Augmented Reality Markup Language
https://osgeo.geolexica.org/api/osgeo-concept/c20,20,Australian and New Zealand Land Information Council
https://osgeo.geolexica.org/api/osgeo-concept/c21,21,Australian Urban Research Infrastructure Network
https://osgeo.geolexica.org/api/osgeo-concept/c22,22,Authentication Interoperability Experiment
https://osgeo.geolexica.org/api/osgeo-concept/c23,23,Automated Mapping/Facilities Management
https://osgeo.geolexica.org/api/osgeo-concept/c24,24,band
https://osgeo.geolexica.org/api/osgeo-concept/c25,25,Best Practice
https://osgeo.geolexica.org/api/osgeo-concept/c26,26,Binding XML to Java
https://osgeo.geolexica.org/api/osgeo-concept/c27,27,Biotechnology and Biological Sciences Research Council
https://osgeo.geolexica.org/api/osgeo-concept/c28,28,Bit Map Picture
https://osgeo.geolexica.org/api/osgeo-concept/c29,29,Building Information Modelling
https://osgeo.geolexica.org/api/osgeo-concept/c30,30,Canadian Geospatial Data Infrastructure
https://osgeo.geolexica.org/api/osgeo-concept/c31,31,Canadian Space Agency
https://osgeo.geolexica.org/api/osgeo-concept/c32,32,Cartograhy and Geographic Information Society
https://osgeo.geolexica.org/api/osgeo-concept/c33,33,cartography
https://osgeo.geolexica.org/api/osgeo-concept/c34,34,Catalog Service for the Web
https://osgeo.geolexica.org/api/osgeo-concept/c35,35,catalogue service
https://osgeo.geolexica.org/api/osgeo-concept/c36,36,CatMDEdit
https://osgeo.geolexica.org/api/osgeo-concept/c37,37,CEN TC 287
https://osgeo.geolexica.org/api/osgeo-concept/c38,38,Census Research Centre
https://osgeo.geolexica.org/api/osgeo-concept/c39,39,Center of Excellence for Geospatial Information Science
https://osgeo.geolexica.org/api/osgeo-concept/c40,40,CEOS Working Group on Capacity Building and Data Democracy
https://osgeo.geolexica.org/api/osgeo-concept/c41,41,clearinghouse
https://osgeo.geolexica.org/api/osgeo-concept/c42,42,CNIDR z39.50 Server
https://osgeo.geolexica.org/api/osgeo-concept/c43,43,Collaboratively Contributed Geographic Information
https://osgeo.geolexica.org/api/osgeo-concept/c44,44,Committee on Data for Science and Technology
https://osgeo.geolexica.org/api/osgeo-concept/c45,45,Committee on Earth Observation Satellites
https://osgeo.geolexica.org/api/osgeo-concept/c46,46,Common Object Model
https://osgeo.geolexica.org/api/osgeo-concept/c47,47,Common Object Request Broker Architecture
https://osgeo.geolexica.org/api/osgeo-concept/c48,48,Compliance Test Language
https://osgeo.geolexica.org/api/osgeo-concept/c49,49,Comprehensive African Agricultural Development Programme
https://osgeo.geolexica.org/api/osgeo-concept/c50,50,compression
https://osgeo.geolexica.org/api/osgeo-concept/c51,51,Compute Unified Device Architecture
https://osgeo.geolexica.org/api/osgeo-concept/c52,52,computer-aided design
https://osgeo.geolexica.org/api/osgeo-concept/c53,53,Computer-aided design and drafting
https://osgeo.geolexica.org/api/osgeo-concept/c54,54,computer-generated imagery
https://osgeo.geolexica.org/api/osgeo-concept/c55,55,Consortium of Universities for the Advancement of Hydrologic Science
https://osgeo.geolexica.org/api/osgeo-concept/c56,56,Content Standard for Digital Geospatial Metadata
https://osgeo.geolexica.org/api/osgeo-concept/c57,57,coordinate
https://osgeo.geolexica.org/api/osgeo-concept/c58,58,Coordinate geometry
https://osgeo.geolexica.org/api/osgeo-concept/c59,59,Coordinate Reference System
https://osgeo.geolexica.org/api/osgeo-concept/c60,60,coordinate reference system
https://osgeo.geolexica.org/api/osgeo-concept/c61,61,coverage
https://osgeo.geolexica.org/api/osgeo-concept/c62,62,Create Read Update and Delete.
https://osgeo.geolexica.org/api/osgeo-concept/c63,63,Creative Commons
https://osgeo.geolexica.org/api/osgeo-concept/c64,64,CyberInfrastructure
https://osgeo.geolexica.org/api/osgeo-concept/c65,65,Data Access Object
https://osgeo.geolexica.org/api/osgeo-concept/c66,66,Data Base File
https://osgeo.geolexica.org/api/osgeo-concept/c67,67,data compression
https://osgeo.geolexica.org/api/osgeo-concept/c68,68,Data Quality Domain Working Group
https://osgeo.geolexica.org/api/osgeo-concept/c69,69,database
https://osgeo.geolexica.org/api/osgeo-concept/c70,70,database management system
https://osgeo.geolexica.org/api/osgeo-concept/c71,71,dataset
https://osgeo.geolexica.org/api/osgeo-concept/c72,72,Decision Support Domain Working Group
https://osgeo.geolexica.org/api/osgeo-concept/c73,73,Defense and Intelligence Domain Working Group
https://osgeo.geolexica.org/api/osgeo-concept/c74,74,DesiGN file
https://osgeo.geolexica.org/api/osgeo-concept/c75,75,Digital and Electronic Maps Transfer Standard
https://osgeo.geolexica.org/api/osgeo-concept/c76,76,Digital Elevation Model
https://osgeo.geolexica.org/api/osgeo-concept/c77,77,Digital Geographic Exchange Standard
https://osgeo.geolexica.org/api/osgeo-concept/c78,78,Digital Geospatial Information Working Group
https://osgeo.geolexica.org/api/osgeo-concept/c79,79,Digital Landscape Model
https://osgeo.geolexica.org/api/osgeo-concept/c80,80,Digital Line Graph
https://osgeo.geolexica.org/api/osgeo-concept/c81,81,Digital Surface Models
https://osgeo.geolexica.org/api/osgeo-concept/c82,82,Digital Terrain Model
https://osgeo.geolexica.org/api/osgeo-concept/c83,83,Discussion Paper
https://osgeo.geolexica.org/api/osgeo-concept/c84,84,Distributed Active Archive Center
https://osgeo.geolexica.org/api/osgeo-concept/c85,85,Distributed Computing Environment
https://osgeo.geolexica.org/api/osgeo-concept/c86,86,Distributed Computing Platform
https://osgeo.geolexica.org/api/osgeo-concept/c87,87,domain working group
https://osgeo.geolexica.org/api/osgeo-concept/c88,88,Drawing eXchange Format
https://osgeo.geolexica.org/api/osgeo-concept/c89,89,Dublin Core
https://osgeo.geolexica.org/api/osgeo-concept/c90,90,DWG file
https://osgeo.geolexica.org/api/osgeo-concept/c91,91,Earth Observation
https://osgeo.geolexica.org/api/osgeo-concept/c92,92,Earth Observation and Environmental Modelling for the Mitigation of Health Risks
https://osgeo.geolexica.org/api/osgeo-concept/c93,93,Earth Observation Science
https://osgeo.geolexica.org/api/osgeo-concept/c94,94,Earth Observing System and Data Information System
https://osgeo.geolexica.org/api/osgeo-concept/c95,95,Earth System Science Domain Working Group
https://osgeo.geolexica.org/api/osgeo-concept/c96,96,ebXML Registry Information Model
https://osgeo.geolexica.org/api/osgeo-concept/c97,97,ebXML Registry Services and Protocols
https://osgeo.geolexica.org/api/osgeo-concept/c98,98,ellipsoid
https://osgeo.geolexica.org/api/osgeo-concept/c99,99,Emergency & Disaster Management Domain Working Group
https://osgeo.geolexica.org/api/osgeo-concept/c100,100,Enterprise Architecture
https://osgeo.geolexica.org/api/osgeo-concept/c101,101,Enterprise Architecture Special Interest Group
https://osgeo.geolexica.org/api/osgeo-concept/c102,102,Enterprise Business XML
https://osgeo.geolexica.org/api/osgeo-concept/c103,103,Enterprise Java Beans.
https://osgeo.geolexica.org/api/osgeo-concept/c104,104,Environmental Protection Agency
https://osgeo.geolexica.org/api/osgeo-concept/c105,105,Environmental Systems Research Institute
https://osgeo.geolexica.org/api/osgeo-concept/c106,106,EPSG code
https://osgeo.geolexica.org/api/osgeo-concept/c107,107,European Center for Medium range Weather Forecasting
https://osgeo.geolexica.org/api/osgeo-concept/c108,108,European Committee for Electrotechnical Standardization (Comité Européen de Normalisation Électrotechnique)
https://osgeo.geolexica.org/api/osgeo-concept/c109,109,European Committee for Standardization (Comite Europeen de Normalisation)
https://osgeo.geolexica.org/api/osgeo-concept/c110,110,European Environment Agency
https://osgeo.geolexica.org/api/osgeo-concept/c111,111,European Petroleum Survey Group
https://osgeo.geolexica.org/api/osgeo-concept/c112,112,European Space Agency
https://osgeo.geolexica.org/api/osgeo-concept/c113,113,European Space Education Resource Office
https://osgeo.geolexica.org/api/osgeo-concept/c114,114,European Spatial Data Information Infrastructure
https://osgeo.geolexica.org/api/osgeo-concept/c115,115,European Spatial Data Research
https://osgeo.geolexica.org/api/osgeo-concept/c116,116,European Umbrella Organisation for Geographic Information
https://osgeo.geolexica.org/api/osgeo-concept/c117,117,eXtensible Markup Language
https://osgeo.geolexica.org/api/osgeo-concept/c118,118,eXtensible Style Sheet Transformation
https://osgeo.geolexica.org/api/osgeo-concept/c119,119,Extreme Science and Engineering Discovery Environment
https://osgeo.geolexica.org/api/osgeo-concept/c120,120,feature type
https://osgeo.geolexica.org/api/osgeo-concept/c121,121,Federal Geographic Data Committee
https://osgeo.geolexica.org/api/osgeo-concept/c122,122,Food and Agriculture Organisation
https://osgeo.geolexica.org/api/osgeo-concept/c123,123,Free and Open Source Software
https://osgeo.geolexica.org/api/osgeo-concept/c124,124,Free and Open Source Software for Geospatial
https://osgeo.geolexica.org/api/osgeo-concept/c125,125,GD Graphics (Draw) Library
https://osgeo.geolexica.org/api/osgeo-concept/c126,126,geodesy
https://osgeo.geolexica.org/api/osgeo-concept/c127,127,geographic information system
https://osgeo.geolexica.org/api/osgeo-concept/c128,128,Geographic Linkage Service 1.0 Standards Working Group
https://osgeo.geolexica.org/api/osgeo-concept/c129,129,geoid
https://osgeo.geolexica.org/api/osgeo-concept/c130,130,GeoJSON
https://osgeo.geolexica.org/api/osgeo-concept/c131,131,Geometry Engine Open Source
https://osgeo.geolexica.org/api/osgeo-concept/c132,132,GeoNetwork
https://osgeo.geolexica.org/api/osgeo-concept/c133,133,GeoNetwork Administrator Survival Tool
https://osgeo.geolexica.org/api/osgeo-concept/c134,134,geopositioning
https://osgeo.geolexica.org/api/osgeo-concept/c135,135,Geoprocessing networks in a European Territorial Interoperability Study
https://osgeo.geolexica.org/api/osgeo-concept/c136,136,georectified
https://osgeo.geolexica.org/api/osgeo-concept/c137,137,georeferencing
https://osgeo.geolexica.org/api/osgeo-concept/c138,138,GeoRSS
https://osgeo.geolexica.org/api/osgeo-concept/c139,139,GeoServer
https://osgeo.geolexica.org/api/osgeo-concept/c140,140,GeoServer Data Store
https://osgeo.geolexica.org/api/osgeo-concept/c141,141,GeoServer ImageMosaic
https://osgeo.geolexica.org/api/osgeo-concept/c142,142,GeoServices REST (REpresentational State Transfer) Standards Working Group
https://osgeo.geolexica.org/api/osgeo-concept/c143,143,GeoSPARQL SWG
https://osgeo.geolexica.org/api/osgeo-concept/c144,144,Geospatial Data Abstraction Library
https://osgeo.geolexica.org/api/osgeo-concept/c145,145,geospatial data set
https://osgeo.geolexica.org/api/osgeo-concept/c146,146,Geospatial Information & Technology Association
https://osgeo.geolexica.org/api/osgeo-concept/c147,147,geospatial metadata instance
https://osgeo.geolexica.org/api/osgeo-concept/c148,148,geospatial metadata standard
https://osgeo.geolexica.org/api/osgeo-concept/c149,149,Geospatial Objects
https://osgeo.geolexica.org/api/osgeo-concept/c150,150,Geospatial Rights Management Domain Working Group
https://osgeo.geolexica.org/api/osgeo-concept/c151,151,Global Earth Observation System of Systems Pilot Project
https://osgeo.geolexica.org/api/osgeo-concept/c152,152,Global Flood Awareness System
https://osgeo.geolexica.org/api/osgeo-concept/c153,153,Global Navigational Satellite System
https://osgeo.geolexica.org/api/osgeo-concept/c154,154,Global Open Data for Agriculture and Nutrition
https://osgeo.geolexica.org/api/osgeo-concept/c155,155,Global Positioning System
https://osgeo.geolexica.org/api/osgeo-concept/c156,156,Global Spatial Data Infrastructure
https://osgeo.geolexica.org/api/osgeo-concept/c157,157,Global Spatial Data infrastructure Association
https://osgeo.geolexica.org/api/osgeo-concept/c158,158,globally unique identifier
https://osgeo.geolexica.org/api/osgeo-concept/c159,159,GML in JPEG 2000
https://osgeo.geolexica.org/api/osgeo-concept/c160,160,GNU General Public License
https://osgeo.geolexica.org/api/osgeo-concept/c161,161,Google Summer of Code
https://osgeo.geolexica.org/api/osgeo-concept/c162,162,GPC Global Information Solutions
https://osgeo.geolexica.org/api/osgeo-concept/c163,163,GPS Exchange Format
https://osgeo.geolexica.org/api/osgeo-concept/c164,164,Graphic Interchange Format
https://osgeo.geolexica.org/api/osgeo-concept/c165,165,GRASPgfs
https://osgeo.geolexica.org/api/osgeo-concept/c166,166,GRIB
https://osgeo.geolexica.org/api/osgeo-concept/c167,167,grid
https://osgeo.geolexica.org/api/osgeo-concept/c168,168,Ground Control Point
https://osgeo.geolexica.org/api/osgeo-concept/c169,169,Group on Earth Observations
https://osgeo.geolexica.org/api/osgeo-concept/c170,170,gvSIG
https://osgeo.geolexica.org/api/osgeo-concept/c171,171,Hibernate Query Language.
https://osgeo.geolexica.org/api/osgeo-concept/c172,172,Hierarchical Data Format
https://osgeo.geolexica.org/api/osgeo-concept/c173,173,High Level Political Forum (of UN)
https://osgeo.geolexica.org/api/osgeo-concept/c174,174,high performance computing
https://osgeo.geolexica.org/api/osgeo-concept/c175,175,Human Technology Interface
https://osgeo.geolexica.org/api/osgeo-concept/c176,176,Humanitarian OpenStreetMap Team
https://osgeo.geolexica.org/api/osgeo-concept/c177,177,IEEE Geoscience and Remote Sensing Society
https://osgeo.geolexica.org/api/osgeo-concept/c178,178,IEEE Geoscience and Remote Sensing Society
https://osgeo.geolexica.org/api/osgeo-concept/c179,179,image
https://osgeo.geolexica.org/api/osgeo-concept/c180,180,Implementation Standard
https://osgeo.geolexica.org/api/osgeo-concept/c181,181,IndoorGML
https://osgeo.geolexica.org/api/osgeo-concept/c182,182,Information and Communications Technology
https://osgeo.geolexica.org/api/osgeo-concept/c183,183,Information Communities and Semantics
https://osgeo.geolexica.org/api/osgeo-concept/c184,184,Infraestructura de Datos Espaciales de EspaÃ±a (Spanish Spatial Data Infrastructure)
https://osgeo.geolexica.org/api/osgeo-concept/c185,185,Infrastructure for Spatial Information in Europe
https://osgeo.geolexica.org/api/osgeo-concept/c186,186,Integrated Justice Information Systems (IJIS) Institute
https://osgeo.geolexica.org/api/osgeo-concept/c187,187,Intellectual Property
https://osgeo.geolexica.org/api/osgeo-concept/c188,188,Intellectual Property Rights
https://osgeo.geolexica.org/api/osgeo-concept/c189,189,International Cartographic Association
https://osgeo.geolexica.org/api/osgeo-concept/c190,190,International Council for Science â€“ World Data System
https://osgeo.geolexica.org/api/osgeo-concept/c191,191,International Electrotechnical Commission
https://osgeo.geolexica.org/api/osgeo-concept/c192,192,International Hydrographic Office
https://osgeo.geolexica.org/api/osgeo-concept/c193,193,International Modeling & Software Society Secretariat
https://osgeo.geolexica.org/api/osgeo-concept/c194,194,International Organization for Standardization
https://osgeo.geolexica.org/api/osgeo-concept/c195,195,International Society for Photogrammetry and Remote Sensing
https://osgeo.geolexica.org/api/osgeo-concept/c196,196,International Standard
https://osgeo.geolexica.org/api/osgeo-concept/c197,197,International Telecommunication Union
https://osgeo.geolexica.org/api/osgeo-concept/c198,198,Internet Engineering Task Force
https://osgeo.geolexica.org/api/osgeo-concept/c199,199,Internet Society
https://osgeo.geolexica.org/api/osgeo-concept/c200,200,Interoperability Experiment
https://osgeo.geolexica.org/api/osgeo-concept/c201,201,Interoperability Program
https://osgeo.geolexica.org/api/osgeo-concept/c202,202,Interoperability Program Team
https://osgeo.geolexica.org/api/osgeo-concept/c203,203,ISO IEC JTC 1/SC 24/WG 8
https://osgeo.geolexica.org/api/osgeo-concept/c204,204,ISO SQL/MM
https://osgeo.geolexica.org/api/osgeo-concept/c205,205,ISO Technical Committee 204
https://osgeo.geolexica.org/api/osgeo-concept/c206,206,ISO Technical Committee 211
https://osgeo.geolexica.org/api/osgeo-concept/c207,207,Japan Aerospace Exploration Agency
https://osgeo.geolexica.org/api/osgeo-concept/c208,208,Java Advanced Imaging
https://osgeo.geolexica.org/api/osgeo-concept/c209,209,Java Database Connectivity
https://osgeo.geolexica.org/api/osgeo-concept/c210,210,Java Messaging Service.
https://osgeo.geolexica.org/api/osgeo-concept/c211,211,JavaScript Object Notation
https://osgeo.geolexica.org/api/osgeo-concept/c212,212,JavaServer Page Template Library
https://osgeo.geolexica.org/api/osgeo-concept/c213,213,JavaServer Pages
https://osgeo.geolexica.org/api/osgeo-concept/c214,214,Joint Advisory Committee between OGC and ISO TC 211
https://osgeo.geolexica.org/api/osgeo-concept/c215,215,Joint Photographics Group
https://osgeo.geolexica.org/api/osgeo-concept/c216,216,Keyhole Markup Language
https://osgeo.geolexica.org/api/osgeo-concept/c217,217,Law Enforcement and Public Safety Domain Working Group
https://osgeo.geolexica.org/api/osgeo-concept/c218,218,layer
https://osgeo.geolexica.org/api/osgeo-concept/c219,219,Level Of Detail
https://osgeo.geolexica.org/api/osgeo-concept/c220,220,Light Detection and Ranging
https://osgeo.geolexica.org/api/osgeo-concept/c221,221,Lightweight Directory Access Protocol
https://osgeo.geolexica.org/api/osgeo-concept/c222,222,Local Organizing Committee
https://osgeo.geolexica.org/api/osgeo-concept/c223,223,Location Based Service
https://osgeo.geolexica.org/api/osgeo-concept/c224,224,Location Organizer Folder
https://osgeo.geolexica.org/api/osgeo-concept/c225,225,Location Services Domain Working Group
https://osgeo.geolexica.org/api/osgeo-concept/c226,226,MAC address
https://osgeo.geolexica.org/api/osgeo-concept/c227,227,map projection
https://osgeo.geolexica.org/api/osgeo-concept/c228,228,Mapfile
https://osgeo.geolexica.org/api/osgeo-concept/c229,229,MapScript
https://osgeo.geolexica.org/api/osgeo-concept/c230,230,Media and Information Literacy
https://osgeo.geolexica.org/api/osgeo-concept/c231,231,Memorandum of Understanding
https://osgeo.geolexica.org/api/osgeo-concept/c232,232,Mercator
https://osgeo.geolexica.org/api/osgeo-concept/c233,233,metadata
https://osgeo.geolexica.org/api/osgeo-concept/c234,234,metadata element
https://osgeo.geolexica.org/api/osgeo-concept/c235,235,metadata entity
https://osgeo.geolexica.org/api/osgeo-concept/c236,236,Metadata Exchange Format
https://osgeo.geolexica.org/api/osgeo-concept/c237,237,Mobile Location Services Domian Working Group - merger of Mass Market and Location Services DWGs
https://osgeo.geolexica.org/api/osgeo-concept/c238,238,Mortgage Information Standards Maintenance Organization
https://osgeo.geolexica.org/api/osgeo-concept/c239,239,mosaic
https://osgeo.geolexica.org/api/osgeo-concept/c240,240,namespace
https://osgeo.geolexica.org/api/osgeo-concept/c241,241,National Center for Atmospheric Research
https://osgeo.geolexica.org/api/osgeo-concept/c242,242,National Center for Supercomputing Applications
https://osgeo.geolexica.org/api/osgeo-concept/c243,243,National Elevation Dataset
https://osgeo.geolexica.org/api/osgeo-concept/c244,244,National Geospatial Intelligence Agency
https://osgeo.geolexica.org/api/osgeo-concept/c245,245,National Hydrologic Dataset
https://osgeo.geolexica.org/api/osgeo-concept/c246,246,National Institute for Building Standards
https://osgeo.geolexica.org/api/osgeo-concept/c247,247,National Institute of Standards and Technology
https://osgeo.geolexica.org/api/osgeo-concept/c248,248,National Land Cover Dataset
https://osgeo.geolexica.org/api/osgeo-concept/c249,249,National Mapping Agency
https://osgeo.geolexica.org/api/osgeo-concept/c250,250,National Science Foundation
https://osgeo.geolexica.org/api/osgeo-concept/c251,251,National Spatial Data Infrastructure
https://osgeo.geolexica.org/api/osgeo-concept/c252,252,Natural Resources and Environment
https://osgeo.geolexica.org/api/osgeo-concept/c253,253,Net Centric Operations Infrastructure Committee
https://osgeo.geolexica.org/api/osgeo-concept/c254,254,Network Common Data Form
https://osgeo.geolexica.org/api/osgeo-concept/c255,255,Neutral Transfer Format
https://osgeo.geolexica.org/api/osgeo-concept/c256,256,NEw Partnership for African Development
https://osgeo.geolexica.org/api/osgeo-concept/c257,257,nomenclator service
https://osgeo.geolexica.org/api/osgeo-concept/c258,258,Non-Governmental Organization
https://osgeo.geolexica.org/api/osgeo-concept/c259,259,North American Datum
https://osgeo.geolexica.org/api/osgeo-concept/c260,260,Object Linking and Embedding/Common Object Model (Microsoft)
https://osgeo.geolexica.org/api/osgeo-concept/c261,261,Object Management Group
https://osgeo.geolexica.org/api/osgeo-concept/c262,262,Object Oriented
https://osgeo.geolexica.org/api/osgeo-concept/c263,263,Observations and Measurements
https://osgeo.geolexica.org/api/osgeo-concept/c264,264,Office of Spatial Data Management
https://osgeo.geolexica.org/api/osgeo-concept/c265,265,OGC Architecture Board
https://osgeo.geolexica.org/api/osgeo-concept/c266,266,OGC Australasia
https://osgeo.geolexica.org/api/osgeo-concept/c267,267,OGC Catalog Domain Working Group
https://osgeo.geolexica.org/api/osgeo-concept/c268,268,OGC Catalog Revision Standards Working Group
https://osgeo.geolexica.org/api/osgeo-concept/c269,269,OGC Catalogue Service Interface Standard
https://osgeo.geolexica.org/api/osgeo-concept/c270,270,OGC City Geography Markup Language (CityGML) Encoding Standard
https://osgeo.geolexica.org/api/osgeo-concept/c271,271,OGC Compliance and Interoperability Testing Initiative
https://osgeo.geolexica.org/api/osgeo-concept/c272,272,OGC Coordinate Transformation Encoding Standard
https://osgeo.geolexica.org/api/osgeo-concept/c273,273,OGC Coordinate Transformation Standards Working Group
https://osgeo.geolexica.org/api/osgeo-concept/c274,274,OGC Critical Infrastructure Protection Initiative
https://osgeo.geolexica.org/api/osgeo-concept/c275,275,OGC ebXML RegRep SWG
https://osgeo.geolexica.org/api/osgeo-concept/c276,276,OGC EC08 Pilot
https://osgeo.geolexica.org/api/osgeo-concept/c277,277,OGC Europe
https://osgeo.geolexica.org/api/osgeo-concept/c278,278,OGC Filter Encoding Standard
https://osgeo.geolexica.org/api/osgeo-concept/c279,279,OGC GeoAPI Interface Standard
https://osgeo.geolexica.org/api/osgeo-concept/c280,280,OGC Geography Markup Language Encoding Standard
https://osgeo.geolexica.org/api/osgeo-concept/c281,281,OGC Georeferenced Table Joining Service Encoding Standard
https://osgeo.geolexica.org/api/osgeo-concept/c282,282,OGC Geospatial eXtensible Access Control Markup Language Standard
https://osgeo.geolexica.org/api/osgeo-concept/c283,283,OGC Geosync SWG
https://osgeo.geolexica.org/api/osgeo-concept/c284,284,OGC GMLJP2 1.1 SWG
https://osgeo.geolexica.org/api/osgeo-concept/c285,285,OGC Iberian and Latin-American Forum
https://osgeo.geolexica.org/api/osgeo-concept/c286,286,OGC Location Services
https://osgeo.geolexica.org/api/osgeo-concept/c287,287,OGC Marketing & Communications Program
https://osgeo.geolexica.org/api/osgeo-concept/c288,288,OGC Met Ocean DWG
https://osgeo.geolexica.org/api/osgeo-concept/c289,289,OGC Military Pilot Project
https://osgeo.geolexica.org/api/osgeo-concept/c290,290,OGC Observations and Measurements Encoding Standard
https://osgeo.geolexica.org/api/osgeo-concept/c291,291,OGC Outreach and Community Adoption
https://osgeo.geolexica.org/api/osgeo-concept/c292,292,OGC Reference Model
https://osgeo.geolexica.org/api/osgeo-concept/c293,293,OGC Sensor Model Language Encoding Standard
https://osgeo.geolexica.org/api/osgeo-concept/c294,294,OGC Sensor Observation Service Interface Standard
https://osgeo.geolexica.org/api/osgeo-concept/c295,295,OGC Sensor Web Enablement activity
https://osgeo.geolexica.org/api/osgeo-concept/c296,296,OGC Simple Features for SQL
https://osgeo.geolexica.org/api/osgeo-concept/c297,297,OGC Simple FeaturesSQL Encoding Standard
https://osgeo.geolexica.org/api/osgeo-concept/c298,298,OGC Strategic Member Advisory Committee
https://osgeo.geolexica.org/api/osgeo-concept/c299,299,OGC Transducer Markup Language Encoding Standard (retired)
https://osgeo.geolexica.org/api/osgeo-concept/c300,300,OGC Web Coordinate Transformation Service Interface Standard
https://osgeo.geolexica.org/api/osgeo-concept/c301,301,OGC Web Coverage Processing Service Interface Standard
https://osgeo.geolexica.org/api/osgeo-concept/c302,302,OGC Web Coverage Service Interface Standard
https://osgeo.geolexica.org/api/osgeo-concept/c303,303,OGC Web Feature Service Interface Standard
https://osgeo.geolexica.org/api/osgeo-concept/c304,304,OGC Web Map Context Encoding Standard
https://osgeo.geolexica.org/api/osgeo-concept/c305,305,OGC Web Map Service Interface Standard
https://osgeo.geolexica.org/api/osgeo-concept/c306,306,OGC Web Map Tile Service Interface Standard
https://osgeo.geolexica.org/api/osgeo-concept/c307,307,OGC Web Processing Service Interface Standard
https://osgeo.geolexica.org/api/osgeo-concept/c308,308,OGC Web Service Common Interface Standard
https://osgeo.geolexica.org/api/osgeo-concept/c309,309,OGC Web Services
https://osgeo.geolexica.org/api/osgeo-concept/c310,310,OGC Web Services Common
https://osgeo.geolexica.org/api/osgeo-concept/c311,311,OGC's Multi-Hazard Mapping Initiative (MMI) Phase I (2001)
https://osgeo.geolexica.org/api/osgeo-concept/c312,312,OGR is the vector data access portion of the GDAL library. It provides access to a multitude of data formats.
https://osgeo.geolexica.org/api/osgeo-concept/c313,313,Open Archive Initiative Protocol for Metadata Harvesting
https://osgeo.geolexica.org/api/osgeo-concept/c314,314,Open Educational Resources
https://osgeo.geolexica.org/api/osgeo-concept/c315,315,Open GeoSMS
https://osgeo.geolexica.org/api/osgeo-concept/c316,316,Open Geospatial Consortium
https://osgeo.geolexica.org/api/osgeo-concept/c317,317,Open Grid Forum
https://osgeo.geolexica.org/api/osgeo-concept/c318,318,Open Mobile Alliance
https://osgeo.geolexica.org/api/osgeo-concept/c319,319,Open Standards Consortium for Real Estate
https://osgeo.geolexica.org/api/osgeo-concept/c320,320,OpenLayers
https://osgeo.geolexica.org/api/osgeo-concept/c321,321,OpenLS Â­
https://osgeo.geolexica.org/api/osgeo-concept/c322,322,OpenStreetMap
https://osgeo.geolexica.org/api/osgeo-concept/c323,323,Ordering Services Framework for Earth Observation Products
https://osgeo.geolexica.org/api/osgeo-concept/c324,324,Orfeo Tool Box
https://osgeo.geolexica.org/api/osgeo-concept/c325,325,Organisation for Economic Co-Operation and Development
https://osgeo.geolexica.org/api/osgeo-concept/c326,326,Organization for the Advancement of Structured Information Standards
https://osgeo.geolexica.org/api/osgeo-concept/c327,327,OWS Common 1.2 SWG
https://osgeo.geolexica.org/api/osgeo-concept/c328,328,OWS Context SWG
https://osgeo.geolexica.org/api/osgeo-concept/c329,329,Pan American Institute of Geography and History
https://osgeo.geolexica.org/api/osgeo-concept/c330,330,Planning Committee
https://osgeo.geolexica.org/api/osgeo-concept/c331,331,Policies and Procedures
https://osgeo.geolexica.org/api/osgeo-concept/c332,332,Portable Network Graphic
https://osgeo.geolexica.org/api/osgeo-concept/c333,333,PROJ
https://osgeo.geolexica.org/api/osgeo-concept/c334,334,Public Participation in Geographic Information Systems
https://osgeo.geolexica.org/api/osgeo-concept/c335,335,Public Participation in Scientific Research
https://osgeo.geolexica.org/api/osgeo-concept/c336,336,PubSub SWG
https://osgeo.geolexica.org/api/osgeo-concept/c337,337,PUCK
https://osgeo.geolexica.org/api/osgeo-concept/c338,338,raster
https://osgeo.geolexica.org/api/osgeo-concept/c339,339,raster layer
https://osgeo.geolexica.org/api/osgeo-concept/c340,340,reference frame
https://osgeo.geolexica.org/api/osgeo-concept/c341,341,Reference Model for Open Distributed Processing
https://osgeo.geolexica.org/api/osgeo-concept/c342,342,Regional Centre for Mapping of Resources for Development
https://osgeo.geolexica.org/api/osgeo-concept/c343,343,Regional Universities Forum for capacity building in agriculture
https://osgeo.geolexica.org/api/osgeo-concept/c344,344,Remote Procedure Call
https://osgeo.geolexica.org/api/osgeo-concept/c345,345,REpresentational State Transfer programming style
https://osgeo.geolexica.org/api/osgeo-concept/c346,346,"REpresentational State Transfer. An open, resource-oriented model for implementing Web services."
https://osgeo.geolexica.org/api/osgeo-concept/c347,347,Request for Comment
https://osgeo.geolexica.org/api/osgeo-concept/c348,348,Request for Information
https://osgeo.geolexica.org/api/osgeo-concept/c349,349,Request for Participation
https://osgeo.geolexica.org/api/osgeo-concept/c350,350,Request for Proposals
https://osgeo.geolexica.org/api/osgeo-concept/c351,351,Request for Technology
https://osgeo.geolexica.org/api/osgeo-concept/c352,352,Research and Technology Development (Europe)
https://osgeo.geolexica.org/api/osgeo-concept/c353,353,Research Data Alliance
https://osgeo.geolexica.org/api/osgeo-concept/c354,354,Risk and Crisis Management
https://osgeo.geolexica.org/api/osgeo-concept/c355,355,Russian Federal Service for Hydrometeorologyand Enviromental Monitoring
https://osgeo.geolexica.org/api/osgeo-concept/c356,356,Scalable Vector Graphics
https://osgeo.geolexica.org/api/osgeo-concept/c357,357,"scale, of a map"
https://osgeo.geolexica.org/api/osgeo-concept/c358,358,Science Technology Innovation Strategy for Africa
https://osgeo.geolexica.org/api/osgeo-concept/c359,359,Sensor Web Enablement Common Data Model
https://osgeo.geolexica.org/api/osgeo-concept/c360,360,Sensors Anywhere Consortium
https://osgeo.geolexica.org/api/osgeo-concept/c361,361,Services Oriented Architecture
https://osgeo.geolexica.org/api/osgeo-concept/c362,362,Shapefile
https://osgeo.geolexica.org/api/osgeo-concept/c363,363,Shibboleth
https://osgeo.geolexica.org/api/osgeo-concept/c364,364,Shockwave Flash format
https://osgeo.geolexica.org/api/osgeo-concept/c365,365,Short Term Scientific Missions
https://osgeo.geolexica.org/api/osgeo-concept/c366,366,SIGTE
https://osgeo.geolexica.org/api/osgeo-concept/c367,367,Simple Features
https://osgeo.geolexica.org/api/osgeo-concept/c368,368,Simple Features CORBA
https://osgeo.geolexica.org/api/osgeo-concept/c369,369,Simple Features OLE/COM
https://osgeo.geolexica.org/api/osgeo-concept/c370,370,Simple Knowledge Organisation Systems
https://osgeo.geolexica.org/api/osgeo-concept/c371,371,Simple Mail Transfer Protocol
https://osgeo.geolexica.org/api/osgeo-concept/c372,372,Simple Object Access Protocol
https://osgeo.geolexica.org/api/osgeo-concept/c373,373,Simplified Wrapper Interface Generator
https://osgeo.geolexica.org/api/osgeo-concept/c374,374,Small or Medium Sized Enterprise
https://osgeo.geolexica.org/api/osgeo-concept/c375,375,Software as a Service
https://osgeo.geolexica.org/api/osgeo-concept/c376,376,SP
https://osgeo.geolexica.org/api/osgeo-concept/c377,377,Spatial Data Infrastructure
https://osgeo.geolexica.org/api/osgeo-concept/c378,378,Spatial Data Transfer Standard
https://osgeo.geolexica.org/api/osgeo-concept/c379,379,Spatial reference ID
https://osgeo.geolexica.org/api/osgeo-concept/c380,380,Spatial reference system
https://osgeo.geolexica.org/api/osgeo-concept/c381,381,Special Activity Airspace Pilot
https://osgeo.geolexica.org/api/osgeo-concept/c382,382,Special Interest Group
https://osgeo.geolexica.org/api/osgeo-concept/c383,383,spherical mercator
https://osgeo.geolexica.org/api/osgeo-concept/c384,384,SPIDER
https://osgeo.geolexica.org/api/osgeo-concept/c385,385,spindle
https://osgeo.geolexica.org/api/osgeo-concept/c386,386,SQL Multimedia and Application Packages
https://osgeo.geolexica.org/api/osgeo-concept/c387,387,Standard Interchange Format
https://osgeo.geolexica.org/api/osgeo-concept/c388,388,Standards based Commercial Off-The-Shelf software
https://osgeo.geolexica.org/api/osgeo-concept/c389,389,Standards Working Group
https://osgeo.geolexica.org/api/osgeo-concept/c390,390,Structured Query Language
https://osgeo.geolexica.org/api/osgeo-concept/c391,391,Styled Layer Descriptor
https://osgeo.geolexica.org/api/osgeo-concept/c392,392,Sustainable Development Goal
https://osgeo.geolexica.org/api/osgeo-concept/c393,393,Symbology Encoding
https://osgeo.geolexica.org/api/osgeo-concept/c394,394,Synthetic Aperture Radar
https://osgeo.geolexica.org/api/osgeo-concept/c395,395,Tagged Image File Format
https://osgeo.geolexica.org/api/osgeo-concept/c396,396,Taxonomic Data Working Group
https://osgeo.geolexica.org/api/osgeo-concept/c397,397,Technical Committee
https://osgeo.geolexica.org/api/osgeo-concept/c398,398,Technical Committee Policies and Procedures
https://osgeo.geolexica.org/api/osgeo-concept/c399,399,Test Driven Development.
https://osgeo.geolexica.org/api/osgeo-concept/c400,400,"Test, Evaluation, And Measurement Engine"
https://osgeo.geolexica.org/api/osgeo-concept/c401,401,The Council of European Geodetic Surveyors
https://osgeo.geolexica.org/api/osgeo-concept/c402,402,The Open Source Geospatial Foundation
https://osgeo.geolexica.org/api/osgeo-concept/c403,403,tileindex
https://osgeo.geolexica.org/api/osgeo-concept/c404,404,Topologically Integrated Geographic Encoding and Reference
https://osgeo.geolexica.org/api/osgeo-concept/c405,405,Triangulated Irregular Network
https://osgeo.geolexica.org/api/osgeo-concept/c406,406,U.S. Geological Survey
https://osgeo.geolexica.org/api/osgeo-concept/c407,407,UN Environment Programme
https://osgeo.geolexica.org/api/osgeo-concept/c408,408,Unified Modeling Language
https://osgeo.geolexica.org/api/osgeo-concept/c409,409,Uniform Resource Locator
https://osgeo.geolexica.org/api/osgeo-concept/c410,410,United Nations Global Geospatial Information Management
https://osgeo.geolexica.org/api/osgeo-concept/c411,411,United Nations Office for the Coordination of Humanitarian Affairs
https://osgeo.geolexica.org/api/osgeo-concept/c412,412,United States Geospatial Intelligence Foundation
https://osgeo.geolexica.org/api/osgeo-concept/c413,413,Univ DWG
https://osgeo.geolexica.org/api/osgeo-concept/c414,414,"Universal Description, Discovery, and Integration"
https://osgeo.geolexica.org/api/osgeo-concept/c415,415,Universally Unique Identifier
https://osgeo.geolexica.org/api/osgeo-concept/c416,416,University Corporation for Atmospheric Research
https://osgeo.geolexica.org/api/osgeo-concept/c417,417,Unmanned Aerial Vehicle
https://osgeo.geolexica.org/api/osgeo-concept/c418,418,Vector
https://osgeo.geolexica.org/api/osgeo-concept/c419,419,Vector Layer
https://osgeo.geolexica.org/api/osgeo-concept/c420,420,Vector Product Format
https://osgeo.geolexica.org/api/osgeo-concept/c421,421,Virtual Reality
https://osgeo.geolexica.org/api/osgeo-concept/c422,422,Volunteered Geographic Information
https://osgeo.geolexica.org/api/osgeo-concept/c423,423,"Wales Institute of Social & Economic Research, Data & Methods"
https://osgeo.geolexica.org/api/osgeo-concept/c424,424,Water Observation Information System
https://osgeo.geolexica.org/api/osgeo-concept/c425,425,WaterML 2.0
https://osgeo.geolexica.org/api/osgeo-concept/c426,426,Web Coverage Service
https://osgeo.geolexica.org/api/osgeo-concept/c427,427,Web Mapping Testbed
https://osgeo.geolexica.org/api/osgeo-concept/c428,428,Web Processing Service
https://osgeo.geolexica.org/api/osgeo-concept/c429,429,Web Services
https://osgeo.geolexica.org/api/osgeo-concept/c430,430,Web Services Definition Language
https://osgeo.geolexica.org/api/osgeo-concept/c431,431,Web-based Distributed Authoring and Versioning
https://osgeo.geolexica.org/api/osgeo-concept/c432,432,Web3D Consortium
https://osgeo.geolexica.org/api/osgeo-concept/c433,433,Well-Known Binary
https://osgeo.geolexica.org/api/osgeo-concept/c434,434,Well-Known Text
https://osgeo.geolexica.org/api/osgeo-concept/c435,435,Workflow Management Coalition
https://osgeo.geolexica.org/api/osgeo-concept/c436,436,Working Group
https://osgeo.geolexica.org/api/osgeo-concept/c437,437,workspace
https://osgeo.geolexica.org/api/osgeo-concept/c438,438,World Food Programme
https://osgeo.geolexica.org/api/osgeo-concept/c439,439,World Geodetic System
https://osgeo.geolexica.org/api/osgeo-concept/c440,440,World Meteorological Organization
https://osgeo.geolexica.org/api/osgeo-concept/c441,441,World Wide Web Consortium
https://osgeo.geolexica.org/api/osgeo-concept/c442,442,XML for Imagery and Map Annotations
https://osgeo.geolexica.org/api/osgeo-concept/c443,443,XML Schema Definition
https://osgeo.geolexica.org/api/osgeo-concept/c444,444,Z39.50 protocol
