termID,review,status
c1,https://osgeo.geolexica.org/api/osgeo-review/Review1,no data
c10,https://osgeo.geolexica.org/api/osgeo-review/Review10,no data
c100,https://osgeo.geolexica.org/api/osgeo-review/Review100,no data
c101,https://osgeo.geolexica.org/api/osgeo-review/Review101,no data
c102,https://osgeo.geolexica.org/api/osgeo-review/Review102,no data
c103,https://osgeo.geolexica.org/api/osgeo-review/Review103,no data
c104,https://osgeo.geolexica.org/api/osgeo-review/Review104,no data
c105,https://osgeo.geolexica.org/api/osgeo-review/Review105,no data
c106,https://osgeo.geolexica.org/api/osgeo-review/Review106,no data
c107,https://osgeo.geolexica.org/api/osgeo-review/Review107,no data
c108,https://osgeo.geolexica.org/api/osgeo-review/Review108,no data
c109,https://osgeo.geolexica.org/api/osgeo-review/Review109,no data
c11,https://osgeo.geolexica.org/api/osgeo-review/Review11,no data
c110,https://osgeo.geolexica.org/api/osgeo-review/Review110,no data
c111,https://osgeo.geolexica.org/api/osgeo-review/Review111,no data
c112,https://osgeo.geolexica.org/api/osgeo-review/Review112,no data
c113,https://osgeo.geolexica.org/api/osgeo-review/Review113,no data
c114,https://osgeo.geolexica.org/api/osgeo-review/Review114,no data
c115,https://osgeo.geolexica.org/api/osgeo-review/Review115,no data
c116,https://osgeo.geolexica.org/api/osgeo-review/Review116,no data
c117,https://osgeo.geolexica.org/api/osgeo-review/Review117,no data
c118,https://osgeo.geolexica.org/api/osgeo-review/Review118,no data
c119,https://osgeo.geolexica.org/api/osgeo-review/Review119,no data
c12,https://osgeo.geolexica.org/api/osgeo-review/Review12,no data
c120,https://osgeo.geolexica.org/api/osgeo-review/Review120,no data
c121,https://osgeo.geolexica.org/api/osgeo-review/Review121,no data
c122,https://osgeo.geolexica.org/api/osgeo-review/Review122,no data
c123,https://osgeo.geolexica.org/api/osgeo-review/Review123,no data
c124,https://osgeo.geolexica.org/api/osgeo-review/Review124,no data
c125,https://osgeo.geolexica.org/api/osgeo-review/Review125,no data
c126,https://osgeo.geolexica.org/api/osgeo-review/Review126,no data
c127,https://osgeo.geolexica.org/api/osgeo-review/Review127,no data
c128,https://osgeo.geolexica.org/api/osgeo-review/Review128,no data
c129,https://osgeo.geolexica.org/api/osgeo-review/Review129,no data
c13,https://osgeo.geolexica.org/api/osgeo-review/Review13,no data
c130,https://osgeo.geolexica.org/api/osgeo-review/Review130,no data
c131,https://osgeo.geolexica.org/api/osgeo-review/Review131,no data
c132,https://osgeo.geolexica.org/api/osgeo-review/Review132,no data
c133,https://osgeo.geolexica.org/api/osgeo-review/Review133,no data
c134,https://osgeo.geolexica.org/api/osgeo-review/Review134,no data
c135,https://osgeo.geolexica.org/api/osgeo-review/Review135,no data
c136,https://osgeo.geolexica.org/api/osgeo-review/Review136,no data
c137,https://osgeo.geolexica.org/api/osgeo-review/Review137,no data
c138,https://osgeo.geolexica.org/api/osgeo-review/Review138,no data
c139,https://osgeo.geolexica.org/api/osgeo-review/Review139,no data
c14,https://osgeo.geolexica.org/api/osgeo-review/Review14,no data
c140,https://osgeo.geolexica.org/api/osgeo-review/Review140,no data
c141,https://osgeo.geolexica.org/api/osgeo-review/Review141,no data
c142,https://osgeo.geolexica.org/api/osgeo-review/Review142,no data
c143,https://osgeo.geolexica.org/api/osgeo-review/Review143,no data
c144,https://osgeo.geolexica.org/api/osgeo-review/Review144,no data
c145,https://osgeo.geolexica.org/api/osgeo-review/Review145,no data
c146,https://osgeo.geolexica.org/api/osgeo-review/Review146,no data
c147,https://osgeo.geolexica.org/api/osgeo-review/Review147,no data
c148,https://osgeo.geolexica.org/api/osgeo-review/Review148,no data
c149,https://osgeo.geolexica.org/api/osgeo-review/Review149,no data
c15,https://osgeo.geolexica.org/api/osgeo-review/Review15,no data
c150,https://osgeo.geolexica.org/api/osgeo-review/Review150,no data
c151,https://osgeo.geolexica.org/api/osgeo-review/Review151,no data
c152,https://osgeo.geolexica.org/api/osgeo-review/Review152,no data
c153,https://osgeo.geolexica.org/api/osgeo-review/Review153,no data
c154,https://osgeo.geolexica.org/api/osgeo-review/Review154,no data
c155,https://osgeo.geolexica.org/api/osgeo-review/Review155,no data
c156,https://osgeo.geolexica.org/api/osgeo-review/Review156,no data
c157,https://osgeo.geolexica.org/api/osgeo-review/Review157,no data
c158,https://osgeo.geolexica.org/api/osgeo-review/Review158,no data
c159,https://osgeo.geolexica.org/api/osgeo-review/Review159,no data
c16,https://osgeo.geolexica.org/api/osgeo-review/Review16,no data
c160,https://osgeo.geolexica.org/api/osgeo-review/Review160,no data
c161,https://osgeo.geolexica.org/api/osgeo-review/Review161,no data
c162,https://osgeo.geolexica.org/api/osgeo-review/Review162,no data
c163,https://osgeo.geolexica.org/api/osgeo-review/Review163,no data
c164,https://osgeo.geolexica.org/api/osgeo-review/Review164,no data
c165,https://osgeo.geolexica.org/api/osgeo-review/Review165,no data
c166,https://osgeo.geolexica.org/api/osgeo-review/Review166,no data
c167,https://osgeo.geolexica.org/api/osgeo-review/Review167,no data
c168,https://osgeo.geolexica.org/api/osgeo-review/Review168,no data
c169,https://osgeo.geolexica.org/api/osgeo-review/Review169,no data
c17,https://osgeo.geolexica.org/api/osgeo-review/Review17,no data
c170,https://osgeo.geolexica.org/api/osgeo-review/Review170,no data
c171,https://osgeo.geolexica.org/api/osgeo-review/Review171,no data
c172,https://osgeo.geolexica.org/api/osgeo-review/Review172,no data
c173,https://osgeo.geolexica.org/api/osgeo-review/Review173,no data
c174,https://osgeo.geolexica.org/api/osgeo-review/Review174,no data
c175,https://osgeo.geolexica.org/api/osgeo-review/Review175,no data
c176,https://osgeo.geolexica.org/api/osgeo-review/Review176,no data
c177,https://osgeo.geolexica.org/api/osgeo-review/Review177,no data
c178,https://osgeo.geolexica.org/api/osgeo-review/Review178,no data
c179,https://osgeo.geolexica.org/api/osgeo-review/Review179,no data
c18,https://osgeo.geolexica.org/api/osgeo-review/Review18,no data
c180,https://osgeo.geolexica.org/api/osgeo-review/Review180,no data
c181,https://osgeo.geolexica.org/api/osgeo-review/Review181,no data
c182,https://osgeo.geolexica.org/api/osgeo-review/Review182,no data
c183,https://osgeo.geolexica.org/api/osgeo-review/Review183,no data
c184,https://osgeo.geolexica.org/api/osgeo-review/Review184,no data
c185,https://osgeo.geolexica.org/api/osgeo-review/Review185,no data
c186,https://osgeo.geolexica.org/api/osgeo-review/Review186,no data
c187,https://osgeo.geolexica.org/api/osgeo-review/Review187,no data
c188,https://osgeo.geolexica.org/api/osgeo-review/Review188,no data
c189,https://osgeo.geolexica.org/api/osgeo-review/Review189,no data
c19,https://osgeo.geolexica.org/api/osgeo-review/Review19,no data
c190,https://osgeo.geolexica.org/api/osgeo-review/Review190,no data
c191,https://osgeo.geolexica.org/api/osgeo-review/Review191,no data
c192,https://osgeo.geolexica.org/api/osgeo-review/Review192,no data
c193,https://osgeo.geolexica.org/api/osgeo-review/Review193,no data
c194,https://osgeo.geolexica.org/api/osgeo-review/Review194,no data
c195,https://osgeo.geolexica.org/api/osgeo-review/Review195,no data
c196,https://osgeo.geolexica.org/api/osgeo-review/Review196,no data
c197,https://osgeo.geolexica.org/api/osgeo-review/Review197,no data
c198,https://osgeo.geolexica.org/api/osgeo-review/Review198,no data
c199,https://osgeo.geolexica.org/api/osgeo-review/Review199,no data
c2,https://osgeo.geolexica.org/api/osgeo-review/Review2,no data
c20,https://osgeo.geolexica.org/api/osgeo-review/Review20,no data
c200,https://osgeo.geolexica.org/api/osgeo-review/Review200,no data
c201,https://osgeo.geolexica.org/api/osgeo-review/Review201,no data
c202,https://osgeo.geolexica.org/api/osgeo-review/Review202,no data
c203,https://osgeo.geolexica.org/api/osgeo-review/Review203,no data
c204,https://osgeo.geolexica.org/api/osgeo-review/Review204,no data
c205,https://osgeo.geolexica.org/api/osgeo-review/Review205,no data
c206,https://osgeo.geolexica.org/api/osgeo-review/Review206,no data
c207,https://osgeo.geolexica.org/api/osgeo-review/Review207,no data
c208,https://osgeo.geolexica.org/api/osgeo-review/Review208,no data
c209,https://osgeo.geolexica.org/api/osgeo-review/Review209,no data
c21,https://osgeo.geolexica.org/api/osgeo-review/Review21,no data
c210,https://osgeo.geolexica.org/api/osgeo-review/Review210,no data
c211,https://osgeo.geolexica.org/api/osgeo-review/Review211,no data
c212,https://osgeo.geolexica.org/api/osgeo-review/Review212,no data
c213,https://osgeo.geolexica.org/api/osgeo-review/Review213,no data
c214,https://osgeo.geolexica.org/api/osgeo-review/Review214,no data
c215,https://osgeo.geolexica.org/api/osgeo-review/Review215,no data
c216,https://osgeo.geolexica.org/api/osgeo-review/Review216,no data
c217,https://osgeo.geolexica.org/api/osgeo-review/Review217,no data
c218,https://osgeo.geolexica.org/api/osgeo-review/Review218,no data
c219,https://osgeo.geolexica.org/api/osgeo-review/Review219,no data
c22,https://osgeo.geolexica.org/api/osgeo-review/Review22,no data
c220,https://osgeo.geolexica.org/api/osgeo-review/Review220,no data
c221,https://osgeo.geolexica.org/api/osgeo-review/Review221,no data
c222,https://osgeo.geolexica.org/api/osgeo-review/Review222,no data
c223,https://osgeo.geolexica.org/api/osgeo-review/Review223,no data
c224,https://osgeo.geolexica.org/api/osgeo-review/Review224,no data
c225,https://osgeo.geolexica.org/api/osgeo-review/Review225,no data
c226,https://osgeo.geolexica.org/api/osgeo-review/Review226,no data
c227,https://osgeo.geolexica.org/api/osgeo-review/Review227,no data
c228,https://osgeo.geolexica.org/api/osgeo-review/Review228,no data
c229,https://osgeo.geolexica.org/api/osgeo-review/Review229,no data
c23,https://osgeo.geolexica.org/api/osgeo-review/Review23,no data
c230,https://osgeo.geolexica.org/api/osgeo-review/Review230,no data
c231,https://osgeo.geolexica.org/api/osgeo-review/Review231,no data
c232,https://osgeo.geolexica.org/api/osgeo-review/Review232,no data
c233,https://osgeo.geolexica.org/api/osgeo-review/Review233,no data
c234,https://osgeo.geolexica.org/api/osgeo-review/Review234,no data
c235,https://osgeo.geolexica.org/api/osgeo-review/Review235,no data
c236,https://osgeo.geolexica.org/api/osgeo-review/Review236,no data
c237,https://osgeo.geolexica.org/api/osgeo-review/Review237,no data
c238,https://osgeo.geolexica.org/api/osgeo-review/Review238,no data
c239,https://osgeo.geolexica.org/api/osgeo-review/Review239,no data
c24,https://osgeo.geolexica.org/api/osgeo-review/Review24,no data
c240,https://osgeo.geolexica.org/api/osgeo-review/Review240,no data
c241,https://osgeo.geolexica.org/api/osgeo-review/Review241,no data
c242,https://osgeo.geolexica.org/api/osgeo-review/Review242,no data
c243,https://osgeo.geolexica.org/api/osgeo-review/Review243,no data
c244,https://osgeo.geolexica.org/api/osgeo-review/Review244,no data
c245,https://osgeo.geolexica.org/api/osgeo-review/Review245,no data
c246,https://osgeo.geolexica.org/api/osgeo-review/Review246,no data
c247,https://osgeo.geolexica.org/api/osgeo-review/Review247,no data
c248,https://osgeo.geolexica.org/api/osgeo-review/Review248,no data
c249,https://osgeo.geolexica.org/api/osgeo-review/Review249,no data
c25,https://osgeo.geolexica.org/api/osgeo-review/Review25,no data
c250,https://osgeo.geolexica.org/api/osgeo-review/Review250,no data
c251,https://osgeo.geolexica.org/api/osgeo-review/Review251,no data
c252,https://osgeo.geolexica.org/api/osgeo-review/Review252,no data
c253,https://osgeo.geolexica.org/api/osgeo-review/Review253,no data
c254,https://osgeo.geolexica.org/api/osgeo-review/Review254,no data
c255,https://osgeo.geolexica.org/api/osgeo-review/Review255,no data
c256,https://osgeo.geolexica.org/api/osgeo-review/Review256,no data
c257,https://osgeo.geolexica.org/api/osgeo-review/Review257,no data
c258,https://osgeo.geolexica.org/api/osgeo-review/Review258,no data
c259,https://osgeo.geolexica.org/api/osgeo-review/Review259,no data
c26,https://osgeo.geolexica.org/api/osgeo-review/Review26,no data
c260,https://osgeo.geolexica.org/api/osgeo-review/Review260,no data
c261,https://osgeo.geolexica.org/api/osgeo-review/Review261,no data
c262,https://osgeo.geolexica.org/api/osgeo-review/Review262,no data
c263,https://osgeo.geolexica.org/api/osgeo-review/Review263,no data
c264,https://osgeo.geolexica.org/api/osgeo-review/Review264,no data
c265,https://osgeo.geolexica.org/api/osgeo-review/Review265,no data
c266,https://osgeo.geolexica.org/api/osgeo-review/Review266,no data
c267,https://osgeo.geolexica.org/api/osgeo-review/Review267,no data
c268,https://osgeo.geolexica.org/api/osgeo-review/Review268,no data
c269,https://osgeo.geolexica.org/api/osgeo-review/Review269,no data
c27,https://osgeo.geolexica.org/api/osgeo-review/Review27,no data
c270,https://osgeo.geolexica.org/api/osgeo-review/Review270,no data
c271,https://osgeo.geolexica.org/api/osgeo-review/Review271,no data
c272,https://osgeo.geolexica.org/api/osgeo-review/Review272,no data
c273,https://osgeo.geolexica.org/api/osgeo-review/Review273,no data
c274,https://osgeo.geolexica.org/api/osgeo-review/Review274,no data
c275,https://osgeo.geolexica.org/api/osgeo-review/Review275,no data
c276,https://osgeo.geolexica.org/api/osgeo-review/Review276,no data
c277,https://osgeo.geolexica.org/api/osgeo-review/Review277,no data
c278,https://osgeo.geolexica.org/api/osgeo-review/Review278,no data
c279,https://osgeo.geolexica.org/api/osgeo-review/Review279,no data
c28,https://osgeo.geolexica.org/api/osgeo-review/Review28,no data
c280,https://osgeo.geolexica.org/api/osgeo-review/Review280,no data
c281,https://osgeo.geolexica.org/api/osgeo-review/Review281,no data
c282,https://osgeo.geolexica.org/api/osgeo-review/Review282,no data
c283,https://osgeo.geolexica.org/api/osgeo-review/Review283,no data
c284,https://osgeo.geolexica.org/api/osgeo-review/Review284,no data
c285,https://osgeo.geolexica.org/api/osgeo-review/Review285,no data
c286,https://osgeo.geolexica.org/api/osgeo-review/Review286,no data
c287,https://osgeo.geolexica.org/api/osgeo-review/Review287,no data
c288,https://osgeo.geolexica.org/api/osgeo-review/Review288,no data
c289,https://osgeo.geolexica.org/api/osgeo-review/Review289,no data
c29,https://osgeo.geolexica.org/api/osgeo-review/Review29,no data
c290,https://osgeo.geolexica.org/api/osgeo-review/Review290,no data
c291,https://osgeo.geolexica.org/api/osgeo-review/Review291,no data
c292,https://osgeo.geolexica.org/api/osgeo-review/Review292,no data
c293,https://osgeo.geolexica.org/api/osgeo-review/Review293,no data
c294,https://osgeo.geolexica.org/api/osgeo-review/Review294,no data
c295,https://osgeo.geolexica.org/api/osgeo-review/Review295,no data
c296,https://osgeo.geolexica.org/api/osgeo-review/Review296,no data
c297,https://osgeo.geolexica.org/api/osgeo-review/Review297,no data
c298,https://osgeo.geolexica.org/api/osgeo-review/Review298,no data
c299,https://osgeo.geolexica.org/api/osgeo-review/Review299,no data
c3,https://osgeo.geolexica.org/api/osgeo-review/Review3,no data
c30,https://osgeo.geolexica.org/api/osgeo-review/Review30,no data
c300,https://osgeo.geolexica.org/api/osgeo-review/Review300,no data
c301,https://osgeo.geolexica.org/api/osgeo-review/Review301,no data
c302,https://osgeo.geolexica.org/api/osgeo-review/Review302,no data
c303,https://osgeo.geolexica.org/api/osgeo-review/Review303,no data
c304,https://osgeo.geolexica.org/api/osgeo-review/Review304,no data
c305,https://osgeo.geolexica.org/api/osgeo-review/Review305,no data
c306,https://osgeo.geolexica.org/api/osgeo-review/Review306,no data
c307,https://osgeo.geolexica.org/api/osgeo-review/Review307,no data
c308,https://osgeo.geolexica.org/api/osgeo-review/Review308,no data
c309,https://osgeo.geolexica.org/api/osgeo-review/Review309,no data
c31,https://osgeo.geolexica.org/api/osgeo-review/Review31,no data
c310,https://osgeo.geolexica.org/api/osgeo-review/Review310,no data
c311,https://osgeo.geolexica.org/api/osgeo-review/Review311,no data
c312,https://osgeo.geolexica.org/api/osgeo-review/Review312,no data
c313,https://osgeo.geolexica.org/api/osgeo-review/Review313,no data
c314,https://osgeo.geolexica.org/api/osgeo-review/Review314,no data
c315,https://osgeo.geolexica.org/api/osgeo-review/Review315,no data
c316,https://osgeo.geolexica.org/api/osgeo-review/Review316,no data
c317,https://osgeo.geolexica.org/api/osgeo-review/Review317,no data
c318,https://osgeo.geolexica.org/api/osgeo-review/Review318,no data
c319,https://osgeo.geolexica.org/api/osgeo-review/Review319,no data
c32,https://osgeo.geolexica.org/api/osgeo-review/Review32,no data
c320,https://osgeo.geolexica.org/api/osgeo-review/Review320,no data
c321,https://osgeo.geolexica.org/api/osgeo-review/Review321,no data
c322,https://osgeo.geolexica.org/api/osgeo-review/Review322,no data
c323,https://osgeo.geolexica.org/api/osgeo-review/Review323,no data
c324,https://osgeo.geolexica.org/api/osgeo-review/Review324,no data
c325,https://osgeo.geolexica.org/api/osgeo-review/Review325,no data
c326,https://osgeo.geolexica.org/api/osgeo-review/Review326,no data
c327,https://osgeo.geolexica.org/api/osgeo-review/Review327,no data
c328,https://osgeo.geolexica.org/api/osgeo-review/Review328,no data
c329,https://osgeo.geolexica.org/api/osgeo-review/Review329,no data
c33,https://osgeo.geolexica.org/api/osgeo-review/Review33,no data
c330,https://osgeo.geolexica.org/api/osgeo-review/Review330,no data
c331,https://osgeo.geolexica.org/api/osgeo-review/Review331,no data
c332,https://osgeo.geolexica.org/api/osgeo-review/Review332,no data
c333,https://osgeo.geolexica.org/api/osgeo-review/Review333,no data
c334,https://osgeo.geolexica.org/api/osgeo-review/Review334,no data
c335,https://osgeo.geolexica.org/api/osgeo-review/Review335,no data
c336,https://osgeo.geolexica.org/api/osgeo-review/Review336,no data
c337,https://osgeo.geolexica.org/api/osgeo-review/Review337,no data
c338,https://osgeo.geolexica.org/api/osgeo-review/Review338,no data
c339,https://osgeo.geolexica.org/api/osgeo-review/Review339,no data
c34,https://osgeo.geolexica.org/api/osgeo-review/Review34,no data
c340,https://osgeo.geolexica.org/api/osgeo-review/Review340,no data
c341,https://osgeo.geolexica.org/api/osgeo-review/Review341,no data
c342,https://osgeo.geolexica.org/api/osgeo-review/Review342,no data
c343,https://osgeo.geolexica.org/api/osgeo-review/Review343,no data
c344,https://osgeo.geolexica.org/api/osgeo-review/Review344,no data
c345,https://osgeo.geolexica.org/api/osgeo-review/Review345,no data
c346,https://osgeo.geolexica.org/api/osgeo-review/Review346,no data
c347,https://osgeo.geolexica.org/api/osgeo-review/Review347,no data
c348,https://osgeo.geolexica.org/api/osgeo-review/Review348,no data
c349,https://osgeo.geolexica.org/api/osgeo-review/Review349,no data
c35,https://osgeo.geolexica.org/api/osgeo-review/Review35,no data
c350,https://osgeo.geolexica.org/api/osgeo-review/Review350,no data
c351,https://osgeo.geolexica.org/api/osgeo-review/Review351,no data
c352,https://osgeo.geolexica.org/api/osgeo-review/Review352,no data
c353,https://osgeo.geolexica.org/api/osgeo-review/Review353,no data
c354,https://osgeo.geolexica.org/api/osgeo-review/Review354,no data
c355,https://osgeo.geolexica.org/api/osgeo-review/Review355,no data
c356,https://osgeo.geolexica.org/api/osgeo-review/Review356,no data
c357,https://osgeo.geolexica.org/api/osgeo-review/Review357,no data
c358,https://osgeo.geolexica.org/api/osgeo-review/Review358,no data
c359,https://osgeo.geolexica.org/api/osgeo-review/Review359,no data
c36,https://osgeo.geolexica.org/api/osgeo-review/Review36,no data
c360,https://osgeo.geolexica.org/api/osgeo-review/Review360,no data
c361,https://osgeo.geolexica.org/api/osgeo-review/Review361,no data
c362,https://osgeo.geolexica.org/api/osgeo-review/Review362,no data
c363,https://osgeo.geolexica.org/api/osgeo-review/Review363,no data
c364,https://osgeo.geolexica.org/api/osgeo-review/Review364,no data
c365,https://osgeo.geolexica.org/api/osgeo-review/Review365,no data
c366,https://osgeo.geolexica.org/api/osgeo-review/Review366,no data
c367,https://osgeo.geolexica.org/api/osgeo-review/Review367,no data
c368,https://osgeo.geolexica.org/api/osgeo-review/Review368,no data
c369,https://osgeo.geolexica.org/api/osgeo-review/Review369,no data
c37,https://osgeo.geolexica.org/api/osgeo-review/Review37,no data
c370,https://osgeo.geolexica.org/api/osgeo-review/Review370,no data
c371,https://osgeo.geolexica.org/api/osgeo-review/Review371,no data
c372,https://osgeo.geolexica.org/api/osgeo-review/Review372,no data
c373,https://osgeo.geolexica.org/api/osgeo-review/Review373,no data
c374,https://osgeo.geolexica.org/api/osgeo-review/Review374,no data
c375,https://osgeo.geolexica.org/api/osgeo-review/Review375,no data
c376,https://osgeo.geolexica.org/api/osgeo-review/Review376,no data
c377,https://osgeo.geolexica.org/api/osgeo-review/Review377,no data
c378,https://osgeo.geolexica.org/api/osgeo-review/Review378,no data
c379,https://osgeo.geolexica.org/api/osgeo-review/Review379,no data
c38,https://osgeo.geolexica.org/api/osgeo-review/Review38,no data
c380,https://osgeo.geolexica.org/api/osgeo-review/Review380,no data
c381,https://osgeo.geolexica.org/api/osgeo-review/Review381,no data
c382,https://osgeo.geolexica.org/api/osgeo-review/Review382,no data
c383,https://osgeo.geolexica.org/api/osgeo-review/Review383,no data
c384,https://osgeo.geolexica.org/api/osgeo-review/Review384,no data
c385,https://osgeo.geolexica.org/api/osgeo-review/Review385,no data
c386,https://osgeo.geolexica.org/api/osgeo-review/Review386,no data
c387,https://osgeo.geolexica.org/api/osgeo-review/Review387,no data
c388,https://osgeo.geolexica.org/api/osgeo-review/Review388,no data
c389,https://osgeo.geolexica.org/api/osgeo-review/Review389,no data
c39,https://osgeo.geolexica.org/api/osgeo-review/Review39,no data
c390,https://osgeo.geolexica.org/api/osgeo-review/Review390,no data
c391,https://osgeo.geolexica.org/api/osgeo-review/Review391,no data
c392,https://osgeo.geolexica.org/api/osgeo-review/Review392,no data
c393,https://osgeo.geolexica.org/api/osgeo-review/Review393,no data
c394,https://osgeo.geolexica.org/api/osgeo-review/Review394,no data
c395,https://osgeo.geolexica.org/api/osgeo-review/Review395,no data
c396,https://osgeo.geolexica.org/api/osgeo-review/Review396,no data
c397,https://osgeo.geolexica.org/api/osgeo-review/Review397,no data
c398,https://osgeo.geolexica.org/api/osgeo-review/Review398,no data
c399,https://osgeo.geolexica.org/api/osgeo-review/Review399,no data
c4,https://osgeo.geolexica.org/api/osgeo-review/Review4,no data
c40,https://osgeo.geolexica.org/api/osgeo-review/Review40,no data
c400,https://osgeo.geolexica.org/api/osgeo-review/Review400,no data
c401,https://osgeo.geolexica.org/api/osgeo-review/Review401,no data
c402,https://osgeo.geolexica.org/api/osgeo-review/Review402,no data
c403,https://osgeo.geolexica.org/api/osgeo-review/Review403,no data
c404,https://osgeo.geolexica.org/api/osgeo-review/Review404,no data
c405,https://osgeo.geolexica.org/api/osgeo-review/Review405,no data
c406,https://osgeo.geolexica.org/api/osgeo-review/Review406,no data
c407,https://osgeo.geolexica.org/api/osgeo-review/Review407,no data
c408,https://osgeo.geolexica.org/api/osgeo-review/Review408,no data
c409,https://osgeo.geolexica.org/api/osgeo-review/Review409,no data
c41,https://osgeo.geolexica.org/api/osgeo-review/Review41,no data
c410,https://osgeo.geolexica.org/api/osgeo-review/Review410,no data
c411,https://osgeo.geolexica.org/api/osgeo-review/Review411,no data
c412,https://osgeo.geolexica.org/api/osgeo-review/Review412,no data
c413,https://osgeo.geolexica.org/api/osgeo-review/Review413,no data
c414,https://osgeo.geolexica.org/api/osgeo-review/Review414,no data
c415,https://osgeo.geolexica.org/api/osgeo-review/Review415,no data
c416,https://osgeo.geolexica.org/api/osgeo-review/Review416,no data
c417,https://osgeo.geolexica.org/api/osgeo-review/Review417,no data
c418,https://osgeo.geolexica.org/api/osgeo-review/Review418,no data
c419,https://osgeo.geolexica.org/api/osgeo-review/Review419,no data
c42,https://osgeo.geolexica.org/api/osgeo-review/Review42,no data
c420,https://osgeo.geolexica.org/api/osgeo-review/Review420,no data
c421,https://osgeo.geolexica.org/api/osgeo-review/Review421,no data
c422,https://osgeo.geolexica.org/api/osgeo-review/Review422,no data
c423,https://osgeo.geolexica.org/api/osgeo-review/Review423,no data
c424,https://osgeo.geolexica.org/api/osgeo-review/Review424,no data
c425,https://osgeo.geolexica.org/api/osgeo-review/Review425,no data
c426,https://osgeo.geolexica.org/api/osgeo-review/Review426,no data
c427,https://osgeo.geolexica.org/api/osgeo-review/Review427,no data
c428,https://osgeo.geolexica.org/api/osgeo-review/Review428,no data
c429,https://osgeo.geolexica.org/api/osgeo-review/Review429,no data
c43,https://osgeo.geolexica.org/api/osgeo-review/Review43,no data
c430,https://osgeo.geolexica.org/api/osgeo-review/Review430,no data
c431,https://osgeo.geolexica.org/api/osgeo-review/Review431,no data
c432,https://osgeo.geolexica.org/api/osgeo-review/Review432,no data
c433,https://osgeo.geolexica.org/api/osgeo-review/Review433,no data
c434,https://osgeo.geolexica.org/api/osgeo-review/Review434,no data
c435,https://osgeo.geolexica.org/api/osgeo-review/Review435,no data
c436,https://osgeo.geolexica.org/api/osgeo-review/Review436,no data
c437,https://osgeo.geolexica.org/api/osgeo-review/Review437,no data
c438,https://osgeo.geolexica.org/api/osgeo-review/Review438,no data
c439,https://osgeo.geolexica.org/api/osgeo-review/Review439,no data
c44,https://osgeo.geolexica.org/api/osgeo-review/Review44,no data
c440,https://osgeo.geolexica.org/api/osgeo-review/Review440,no data
c441,https://osgeo.geolexica.org/api/osgeo-review/Review441,no data
c442,https://osgeo.geolexica.org/api/osgeo-review/Review442,no data
c443,https://osgeo.geolexica.org/api/osgeo-review/Review443,no data
c444,https://osgeo.geolexica.org/api/osgeo-review/Review444,no data
c45,https://osgeo.geolexica.org/api/osgeo-review/Review45,no data
c46,https://osgeo.geolexica.org/api/osgeo-review/Review46,no data
c47,https://osgeo.geolexica.org/api/osgeo-review/Review47,no data
c48,https://osgeo.geolexica.org/api/osgeo-review/Review48,no data
c49,https://osgeo.geolexica.org/api/osgeo-review/Review49,no data
c5,https://osgeo.geolexica.org/api/osgeo-review/Review5,no data
c50,https://osgeo.geolexica.org/api/osgeo-review/Review50,no data
c51,https://osgeo.geolexica.org/api/osgeo-review/Review51,no data
c52,https://osgeo.geolexica.org/api/osgeo-review/Review52,no data
c53,https://osgeo.geolexica.org/api/osgeo-review/Review53,no data
c54,https://osgeo.geolexica.org/api/osgeo-review/Review54,no data
c55,https://osgeo.geolexica.org/api/osgeo-review/Review55,no data
c56,https://osgeo.geolexica.org/api/osgeo-review/Review56,no data
c57,https://osgeo.geolexica.org/api/osgeo-review/Review57,no data
c58,https://osgeo.geolexica.org/api/osgeo-review/Review58,no data
c59,https://osgeo.geolexica.org/api/osgeo-review/Review59,no data
c6,https://osgeo.geolexica.org/api/osgeo-review/Review6,no data
c60,https://osgeo.geolexica.org/api/osgeo-review/Review60,no data
c61,https://osgeo.geolexica.org/api/osgeo-review/Review61,no data
c62,https://osgeo.geolexica.org/api/osgeo-review/Review62,no data
c63,https://osgeo.geolexica.org/api/osgeo-review/Review63,no data
c64,https://osgeo.geolexica.org/api/osgeo-review/Review64,no data
c65,https://osgeo.geolexica.org/api/osgeo-review/Review65,no data
c66,https://osgeo.geolexica.org/api/osgeo-review/Review66,no data
c67,https://osgeo.geolexica.org/api/osgeo-review/Review67,no data
c68,https://osgeo.geolexica.org/api/osgeo-review/Review68,no data
c69,https://osgeo.geolexica.org/api/osgeo-review/Review69,no data
c7,https://osgeo.geolexica.org/api/osgeo-review/Review7,no data
c70,https://osgeo.geolexica.org/api/osgeo-review/Review70,no data
c71,https://osgeo.geolexica.org/api/osgeo-review/Review71,no data
c72,https://osgeo.geolexica.org/api/osgeo-review/Review72,no data
c73,https://osgeo.geolexica.org/api/osgeo-review/Review73,no data
c74,https://osgeo.geolexica.org/api/osgeo-review/Review74,no data
c75,https://osgeo.geolexica.org/api/osgeo-review/Review75,no data
c76,https://osgeo.geolexica.org/api/osgeo-review/Review76,no data
c77,https://osgeo.geolexica.org/api/osgeo-review/Review77,no data
c78,https://osgeo.geolexica.org/api/osgeo-review/Review78,no data
c79,https://osgeo.geolexica.org/api/osgeo-review/Review79,no data
c8,https://osgeo.geolexica.org/api/osgeo-review/Review8,no data
c80,https://osgeo.geolexica.org/api/osgeo-review/Review80,no data
c81,https://osgeo.geolexica.org/api/osgeo-review/Review81,no data
c82,https://osgeo.geolexica.org/api/osgeo-review/Review82,no data
c83,https://osgeo.geolexica.org/api/osgeo-review/Review83,no data
c84,https://osgeo.geolexica.org/api/osgeo-review/Review84,no data
c85,https://osgeo.geolexica.org/api/osgeo-review/Review85,no data
c86,https://osgeo.geolexica.org/api/osgeo-review/Review86,no data
c87,https://osgeo.geolexica.org/api/osgeo-review/Review87,no data
c88,https://osgeo.geolexica.org/api/osgeo-review/Review88,no data
c89,https://osgeo.geolexica.org/api/osgeo-review/Review89,no data
c9,https://osgeo.geolexica.org/api/osgeo-review/Review9,no data
c90,https://osgeo.geolexica.org/api/osgeo-review/Review90,no data
c91,https://osgeo.geolexica.org/api/osgeo-review/Review91,no data
c92,https://osgeo.geolexica.org/api/osgeo-review/Review92,no data
c93,https://osgeo.geolexica.org/api/osgeo-review/Review93,no data
c94,https://osgeo.geolexica.org/api/osgeo-review/Review94,no data
c95,https://osgeo.geolexica.org/api/osgeo-review/Review95,no data
c96,https://osgeo.geolexica.org/api/osgeo-review/Review96,no data
c97,https://osgeo.geolexica.org/api/osgeo-review/Review97,no data
c98,https://osgeo.geolexica.org/api/osgeo-review/Review98,no data
c99,https://osgeo.geolexica.org/api/osgeo-review/Review99,no data
