resource,osgeo:termID,rdf:type,rdf:type,osgeo:review_date,osgeo:review_decision,osgeo:review_decision_event,osgeo:review_decision_notes,osgeo:review_status
Review1,c1,osgeo:ConceptReview,owl:NamedIndividual,2022-01-01,no data,no data,no data,no data
Review2,c2,osgeo:ConceptReview,owl:NamedIndividual,2022-01-01,no data,no data,no data,no data
Review3,c3,osgeo:ConceptReview,owl:NamedIndividual,2022-01-01,no data,no data,no data,no data
Review4,c4,osgeo:ConceptReview,owl:NamedIndividual,2022-01-01,no data,no data,no data,no data
Review5,c5,osgeo:ConceptReview,owl:NamedIndividual,2022-01-01,no data,no data,no data,no data
Review6,c6,osgeo:ConceptReview,owl:NamedIndividual,2022-01-01,no data,no data,no data,no data
Review7,c7,osgeo:ConceptReview,owl:NamedIndividual,2022-01-01,no data,no data,no data,no data
Review8,c8,osgeo:ConceptReview,owl:NamedIndividual,2022-01-01,no data,no data,no data,no data
Review9,c9,osgeo:ConceptReview,owl:NamedIndividual,2022-01-01,no data,no data,no data,no data
Review10,c10,osgeo:ConceptReview,owl:NamedIndividual,2022-01-01,no data,no data,no data,no data
Review11,c11,osgeo:ConceptReview,owl:NamedIndividual,2022-01-01,no data,no data,no data,no data
Review12,c12,osgeo:ConceptReview,owl:NamedIndividual,2022-01-01,no data,no data,no data,no data
Review13,c13,osgeo:ConceptReview,owl:NamedIndividual,2022-01-01,no data,no data,no data,no data
Review14,c14,osgeo:ConceptReview,owl:NamedIndividual,2022-01-01,no data,no data,no data,no data
Review15,c15,osgeo:ConceptReview,owl:NamedIndividual,2022-01-01,no data,no data,no data,no data
Review16,c16,osgeo:ConceptReview,owl:NamedIndividual,2022-01-01,no data,no data,no data,no data
Review17,c17,osgeo:ConceptReview,owl:NamedIndividual,2022-01-01,no data,no data,no data,no data
Review18,c18,osgeo:ConceptReview,owl:NamedIndividual,2022-01-01,no data,no data,no data,no data
Review19,c19,osgeo:ConceptReview,owl:NamedIndividual,2022-01-01,no data,no data,no data,no data
Review20,c20,osgeo:ConceptReview,owl:NamedIndividual,2022-01-01,no data,no data,no data,no data
Review21,c21,osgeo:ConceptReview,owl:NamedIndividual,2022-01-01,no data,no data,no data,no data
Review22,c22,osgeo:ConceptReview,owl:NamedIndividual,2022-01-01,no data,no data,no data,no data
Review23,c23,osgeo:ConceptReview,owl:NamedIndividual,2022-01-01,no data,no data,no data,no data
Review24,c24,osgeo:ConceptReview,owl:NamedIndividual,2022-01-01,no data,no data,no data,no data
Review25,c25,osgeo:ConceptReview,owl:NamedIndividual,2022-01-01,no data,no data,no data,no data
Review26,c26,osgeo:ConceptReview,owl:NamedIndividual,2022-01-01,no data,no data,no data,no data
Review27,c27,osgeo:ConceptReview,owl:NamedIndividual,2022-01-01,no data,no data,no data,no data
Review28,c28,osgeo:ConceptReview,owl:NamedIndividual,2022-01-01,no data,no data,no data,no data
Review29,c29,osgeo:ConceptReview,owl:NamedIndividual,2022-01-01,no data,no data,no data,no data
Review30,c30,osgeo:ConceptReview,owl:NamedIndividual,2022-01-01,no data,no data,no data,no data
Review31,c31,osgeo:ConceptReview,owl:NamedIndividual,2022-01-01,no data,no data,no data,no data
Review32,c32,osgeo:ConceptReview,owl:NamedIndividual,2022-01-01,no data,no data,no data,no data
Review33,c33,osgeo:ConceptReview,owl:NamedIndividual,2022-01-01,no data,no data,no data,no data
Review34,c34,osgeo:ConceptReview,owl:NamedIndividual,2022-01-01,no data,no data,no data,no data
Review35,c35,osgeo:ConceptReview,owl:NamedIndividual,2022-01-01,no data,no data,no data,no data
Review36,c36,osgeo:ConceptReview,owl:NamedIndividual,2022-01-01,no data,no data,no data,no data
Review37,c37,osgeo:ConceptReview,owl:NamedIndividual,2022-01-01,no data,no data,no data,no data
Review38,c38,osgeo:ConceptReview,owl:NamedIndividual,2022-01-01,no data,no data,no data,no data
Review39,c39,osgeo:ConceptReview,owl:NamedIndividual,2022-01-01,no data,no data,no data,no data
Review40,c40,osgeo:ConceptReview,owl:NamedIndividual,2022-01-01,no data,no data,no data,no data
Review41,c41,osgeo:ConceptReview,owl:NamedIndividual,2022-01-01,no data,no data,no data,no data
Review42,c42,osgeo:ConceptReview,owl:NamedIndividual,2022-01-01,no data,no data,no data,no data
Review43,c43,osgeo:ConceptReview,owl:NamedIndividual,2022-01-01,no data,no data,no data,no data
Review44,c44,osgeo:ConceptReview,owl:NamedIndividual,2022-01-01,no data,no data,no data,no data
Review45,c45,osgeo:ConceptReview,owl:NamedIndividual,2022-01-01,no data,no data,no data,no data
Review46,c46,osgeo:ConceptReview,owl:NamedIndividual,2022-01-01,no data,no data,no data,no data
Review47,c47,osgeo:ConceptReview,owl:NamedIndividual,2022-01-01,no data,no data,no data,no data
Review48,c48,osgeo:ConceptReview,owl:NamedIndividual,2022-01-01,no data,no data,no data,no data
Review49,c49,osgeo:ConceptReview,owl:NamedIndividual,2022-01-01,no data,no data,no data,no data
Review50,c50,osgeo:ConceptReview,owl:NamedIndividual,2022-01-01,no data,no data,no data,no data
Review51,c51,osgeo:ConceptReview,owl:NamedIndividual,2022-01-01,no data,no data,no data,no data
Review52,c52,osgeo:ConceptReview,owl:NamedIndividual,2022-01-01,no data,no data,no data,no data
Review53,c53,osgeo:ConceptReview,owl:NamedIndividual,2022-01-01,no data,no data,no data,no data
Review54,c54,osgeo:ConceptReview,owl:NamedIndividual,2022-01-01,no data,no data,no data,no data
Review55,c55,osgeo:ConceptReview,owl:NamedIndividual,2022-01-01,no data,no data,no data,no data
Review56,c56,osgeo:ConceptReview,owl:NamedIndividual,2022-01-01,no data,no data,no data,no data
Review57,c57,osgeo:ConceptReview,owl:NamedIndividual,2022-01-01,no data,no data,no data,no data
Review58,c58,osgeo:ConceptReview,owl:NamedIndividual,2022-01-01,no data,no data,no data,no data
Review59,c59,osgeo:ConceptReview,owl:NamedIndividual,2022-01-01,no data,no data,no data,no data
Review60,c60,osgeo:ConceptReview,owl:NamedIndividual,2022-01-01,no data,no data,no data,no data
Review61,c61,osgeo:ConceptReview,owl:NamedIndividual,2022-01-01,no data,no data,no data,no data
Review62,c62,osgeo:ConceptReview,owl:NamedIndividual,2022-01-01,no data,no data,no data,no data
Review63,c63,osgeo:ConceptReview,owl:NamedIndividual,2022-01-01,no data,no data,no data,no data
Review64,c64,osgeo:ConceptReview,owl:NamedIndividual,2022-01-01,no data,no data,no data,no data
Review65,c65,osgeo:ConceptReview,owl:NamedIndividual,2022-01-01,no data,no data,no data,no data
Review66,c66,osgeo:ConceptReview,owl:NamedIndividual,2022-01-01,no data,no data,no data,no data
Review67,c67,osgeo:ConceptReview,owl:NamedIndividual,2022-01-01,no data,no data,no data,no data
Review68,c68,osgeo:ConceptReview,owl:NamedIndividual,2022-01-01,no data,no data,no data,no data
Review69,c69,osgeo:ConceptReview,owl:NamedIndividual,2022-01-01,no data,no data,no data,no data
Review70,c70,osgeo:ConceptReview,owl:NamedIndividual,2022-01-01,no data,no data,no data,no data
Review71,c71,osgeo:ConceptReview,owl:NamedIndividual,2022-01-01,no data,no data,no data,no data
Review72,c72,osgeo:ConceptReview,owl:NamedIndividual,2022-01-01,no data,no data,no data,no data
Review73,c73,osgeo:ConceptReview,owl:NamedIndividual,2022-01-01,no data,no data,no data,no data
Review74,c74,osgeo:ConceptReview,owl:NamedIndividual,2022-01-01,no data,no data,no data,no data
Review75,c75,osgeo:ConceptReview,owl:NamedIndividual,2022-01-01,no data,no data,no data,no data
Review76,c76,osgeo:ConceptReview,owl:NamedIndividual,2022-01-01,no data,no data,no data,no data
Review77,c77,osgeo:ConceptReview,owl:NamedIndividual,2022-01-01,no data,no data,no data,no data
Review78,c78,osgeo:ConceptReview,owl:NamedIndividual,2022-01-01,no data,no data,no data,no data
Review79,c79,osgeo:ConceptReview,owl:NamedIndividual,2022-01-01,no data,no data,no data,no data
Review80,c80,osgeo:ConceptReview,owl:NamedIndividual,2022-01-01,no data,no data,no data,no data
Review81,c81,osgeo:ConceptReview,owl:NamedIndividual,2022-01-01,no data,no data,no data,no data
Review82,c82,osgeo:ConceptReview,owl:NamedIndividual,2022-01-01,no data,no data,no data,no data
Review83,c83,osgeo:ConceptReview,owl:NamedIndividual,2022-01-01,no data,no data,no data,no data
Review84,c84,osgeo:ConceptReview,owl:NamedIndividual,2022-01-01,no data,no data,no data,no data
Review85,c85,osgeo:ConceptReview,owl:NamedIndividual,2022-01-01,no data,no data,no data,no data
Review86,c86,osgeo:ConceptReview,owl:NamedIndividual,2022-01-01,no data,no data,no data,no data
Review87,c87,osgeo:ConceptReview,owl:NamedIndividual,2022-01-01,no data,no data,no data,no data
Review88,c88,osgeo:ConceptReview,owl:NamedIndividual,2022-01-01,no data,no data,no data,no data
Review89,c89,osgeo:ConceptReview,owl:NamedIndividual,2022-01-01,no data,no data,no data,no data
Review90,c90,osgeo:ConceptReview,owl:NamedIndividual,2022-01-01,no data,no data,no data,no data
Review91,c91,osgeo:ConceptReview,owl:NamedIndividual,2022-01-01,no data,no data,no data,no data
Review92,c92,osgeo:ConceptReview,owl:NamedIndividual,2022-01-01,no data,no data,no data,no data
Review93,c93,osgeo:ConceptReview,owl:NamedIndividual,2022-01-01,no data,no data,no data,no data
Review94,c94,osgeo:ConceptReview,owl:NamedIndividual,2022-01-01,no data,no data,no data,no data
Review95,c95,osgeo:ConceptReview,owl:NamedIndividual,2022-01-01,no data,no data,no data,no data
Review96,c96,osgeo:ConceptReview,owl:NamedIndividual,2022-01-01,no data,no data,no data,no data
Review97,c97,osgeo:ConceptReview,owl:NamedIndividual,2022-01-01,no data,no data,no data,no data
Review98,c98,osgeo:ConceptReview,owl:NamedIndividual,2022-01-01,no data,no data,no data,no data
Review99,c99,osgeo:ConceptReview,owl:NamedIndividual,2022-01-01,no data,no data,no data,no data
Review100,c100,osgeo:ConceptReview,owl:NamedIndividual,2022-01-01,no data,no data,no data,no data
Review101,c101,osgeo:ConceptReview,owl:NamedIndividual,2022-01-01,no data,no data,no data,no data
Review102,c102,osgeo:ConceptReview,owl:NamedIndividual,2022-01-01,no data,no data,no data,no data
Review103,c103,osgeo:ConceptReview,owl:NamedIndividual,2022-01-01,no data,no data,no data,no data
Review104,c104,osgeo:ConceptReview,owl:NamedIndividual,2022-01-01,no data,no data,no data,no data
Review105,c105,osgeo:ConceptReview,owl:NamedIndividual,2022-01-01,no data,no data,no data,no data
Review106,c106,osgeo:ConceptReview,owl:NamedIndividual,2022-01-01,no data,no data,no data,no data
Review107,c107,osgeo:ConceptReview,owl:NamedIndividual,2022-01-01,no data,no data,no data,no data
Review108,c108,osgeo:ConceptReview,owl:NamedIndividual,2022-01-01,no data,no data,no data,no data
Review109,c109,osgeo:ConceptReview,owl:NamedIndividual,2022-01-01,no data,no data,no data,no data
Review110,c110,osgeo:ConceptReview,owl:NamedIndividual,2022-01-01,no data,no data,no data,no data
Review111,c111,osgeo:ConceptReview,owl:NamedIndividual,2022-01-01,no data,no data,no data,no data
Review112,c112,osgeo:ConceptReview,owl:NamedIndividual,2022-01-01,no data,no data,no data,no data
Review113,c113,osgeo:ConceptReview,owl:NamedIndividual,2022-01-01,no data,no data,no data,no data
Review114,c114,osgeo:ConceptReview,owl:NamedIndividual,2022-01-01,no data,no data,no data,no data
Review115,c115,osgeo:ConceptReview,owl:NamedIndividual,2022-01-01,no data,no data,no data,no data
Review116,c116,osgeo:ConceptReview,owl:NamedIndividual,2022-01-01,no data,no data,no data,no data
Review117,c117,osgeo:ConceptReview,owl:NamedIndividual,2022-01-01,no data,no data,no data,no data
Review118,c118,osgeo:ConceptReview,owl:NamedIndividual,2022-01-01,no data,no data,no data,no data
Review119,c119,osgeo:ConceptReview,owl:NamedIndividual,2022-01-01,no data,no data,no data,no data
Review120,c120,osgeo:ConceptReview,owl:NamedIndividual,2022-01-01,no data,no data,no data,no data
Review121,c121,osgeo:ConceptReview,owl:NamedIndividual,2022-01-01,no data,no data,no data,no data
Review122,c122,osgeo:ConceptReview,owl:NamedIndividual,2022-01-01,no data,no data,no data,no data
Review123,c123,osgeo:ConceptReview,owl:NamedIndividual,2022-01-01,no data,no data,no data,no data
Review124,c124,osgeo:ConceptReview,owl:NamedIndividual,2022-01-01,no data,no data,no data,no data
Review125,c125,osgeo:ConceptReview,owl:NamedIndividual,2022-01-01,no data,no data,no data,no data
Review126,c126,osgeo:ConceptReview,owl:NamedIndividual,2022-01-01,no data,no data,no data,no data
Review127,c127,osgeo:ConceptReview,owl:NamedIndividual,2022-01-01,no data,no data,no data,no data
Review128,c128,osgeo:ConceptReview,owl:NamedIndividual,2022-01-01,no data,no data,no data,no data
Review129,c129,osgeo:ConceptReview,owl:NamedIndividual,2022-01-01,no data,no data,no data,no data
Review130,c130,osgeo:ConceptReview,owl:NamedIndividual,2022-01-01,no data,no data,no data,no data
Review131,c131,osgeo:ConceptReview,owl:NamedIndividual,2022-01-01,no data,no data,no data,no data
Review132,c132,osgeo:ConceptReview,owl:NamedIndividual,2022-01-01,no data,no data,no data,no data
Review133,c133,osgeo:ConceptReview,owl:NamedIndividual,2022-01-01,no data,no data,no data,no data
Review134,c134,osgeo:ConceptReview,owl:NamedIndividual,2022-01-01,no data,no data,no data,no data
Review135,c135,osgeo:ConceptReview,owl:NamedIndividual,2022-01-01,no data,no data,no data,no data
Review136,c136,osgeo:ConceptReview,owl:NamedIndividual,2022-01-01,no data,no data,no data,no data
Review137,c137,osgeo:ConceptReview,owl:NamedIndividual,2022-01-01,no data,no data,no data,no data
Review138,c138,osgeo:ConceptReview,owl:NamedIndividual,2022-01-01,no data,no data,no data,no data
Review139,c139,osgeo:ConceptReview,owl:NamedIndividual,2022-01-01,no data,no data,no data,no data
Review140,c140,osgeo:ConceptReview,owl:NamedIndividual,2022-01-01,no data,no data,no data,no data
Review141,c141,osgeo:ConceptReview,owl:NamedIndividual,2022-01-01,no data,no data,no data,no data
Review142,c142,osgeo:ConceptReview,owl:NamedIndividual,2022-01-01,no data,no data,no data,no data
Review143,c143,osgeo:ConceptReview,owl:NamedIndividual,2022-01-01,no data,no data,no data,no data
Review144,c144,osgeo:ConceptReview,owl:NamedIndividual,2022-01-01,no data,no data,no data,no data
Review145,c145,osgeo:ConceptReview,owl:NamedIndividual,2022-01-01,no data,no data,no data,no data
Review146,c146,osgeo:ConceptReview,owl:NamedIndividual,2022-01-01,no data,no data,no data,no data
Review147,c147,osgeo:ConceptReview,owl:NamedIndividual,2022-01-01,no data,no data,no data,no data
Review148,c148,osgeo:ConceptReview,owl:NamedIndividual,2022-01-01,no data,no data,no data,no data
Review149,c149,osgeo:ConceptReview,owl:NamedIndividual,2022-01-01,no data,no data,no data,no data
Review150,c150,osgeo:ConceptReview,owl:NamedIndividual,2022-01-01,no data,no data,no data,no data
Review151,c151,osgeo:ConceptReview,owl:NamedIndividual,2022-01-01,no data,no data,no data,no data
Review152,c152,osgeo:ConceptReview,owl:NamedIndividual,2022-01-01,no data,no data,no data,no data
Review153,c153,osgeo:ConceptReview,owl:NamedIndividual,2022-01-01,no data,no data,no data,no data
Review154,c154,osgeo:ConceptReview,owl:NamedIndividual,2022-01-01,no data,no data,no data,no data
Review155,c155,osgeo:ConceptReview,owl:NamedIndividual,2022-01-01,no data,no data,no data,no data
Review156,c156,osgeo:ConceptReview,owl:NamedIndividual,2022-01-01,no data,no data,no data,no data
Review157,c157,osgeo:ConceptReview,owl:NamedIndividual,2022-01-01,no data,no data,no data,no data
Review158,c158,osgeo:ConceptReview,owl:NamedIndividual,2022-01-01,no data,no data,no data,no data
Review159,c159,osgeo:ConceptReview,owl:NamedIndividual,2022-01-01,no data,no data,no data,no data
Review160,c160,osgeo:ConceptReview,owl:NamedIndividual,2022-01-01,no data,no data,no data,no data
Review161,c161,osgeo:ConceptReview,owl:NamedIndividual,2022-01-01,no data,no data,no data,no data
Review162,c162,osgeo:ConceptReview,owl:NamedIndividual,2022-01-01,no data,no data,no data,no data
Review163,c163,osgeo:ConceptReview,owl:NamedIndividual,2022-01-01,no data,no data,no data,no data
Review164,c164,osgeo:ConceptReview,owl:NamedIndividual,2022-01-01,no data,no data,no data,no data
Review165,c165,osgeo:ConceptReview,owl:NamedIndividual,2022-01-01,no data,no data,no data,no data
Review166,c166,osgeo:ConceptReview,owl:NamedIndividual,2022-01-01,no data,no data,no data,no data
Review167,c167,osgeo:ConceptReview,owl:NamedIndividual,2022-01-01,no data,no data,no data,no data
Review168,c168,osgeo:ConceptReview,owl:NamedIndividual,2022-01-01,no data,no data,no data,no data
Review169,c169,osgeo:ConceptReview,owl:NamedIndividual,2022-01-01,no data,no data,no data,no data
Review170,c170,osgeo:ConceptReview,owl:NamedIndividual,2022-01-01,no data,no data,no data,no data
Review171,c171,osgeo:ConceptReview,owl:NamedIndividual,2022-01-01,no data,no data,no data,no data
Review172,c172,osgeo:ConceptReview,owl:NamedIndividual,2022-01-01,no data,no data,no data,no data
Review173,c173,osgeo:ConceptReview,owl:NamedIndividual,2022-01-01,no data,no data,no data,no data
Review174,c174,osgeo:ConceptReview,owl:NamedIndividual,2022-01-01,no data,no data,no data,no data
Review175,c175,osgeo:ConceptReview,owl:NamedIndividual,2022-01-01,no data,no data,no data,no data
Review176,c176,osgeo:ConceptReview,owl:NamedIndividual,2022-01-01,no data,no data,no data,no data
Review177,c177,osgeo:ConceptReview,owl:NamedIndividual,2022-01-01,no data,no data,no data,no data
Review178,c178,osgeo:ConceptReview,owl:NamedIndividual,2022-01-01,no data,no data,no data,no data
Review179,c179,osgeo:ConceptReview,owl:NamedIndividual,2022-01-01,no data,no data,no data,no data
Review180,c180,osgeo:ConceptReview,owl:NamedIndividual,2022-01-01,no data,no data,no data,no data
Review181,c181,osgeo:ConceptReview,owl:NamedIndividual,2022-01-01,no data,no data,no data,no data
Review182,c182,osgeo:ConceptReview,owl:NamedIndividual,2022-01-01,no data,no data,no data,no data
Review183,c183,osgeo:ConceptReview,owl:NamedIndividual,2022-01-01,no data,no data,no data,no data
Review184,c184,osgeo:ConceptReview,owl:NamedIndividual,2022-01-01,no data,no data,no data,no data
Review185,c185,osgeo:ConceptReview,owl:NamedIndividual,2022-01-01,no data,no data,no data,no data
Review186,c186,osgeo:ConceptReview,owl:NamedIndividual,2022-01-01,no data,no data,no data,no data
Review187,c187,osgeo:ConceptReview,owl:NamedIndividual,2022-01-01,no data,no data,no data,no data
Review188,c188,osgeo:ConceptReview,owl:NamedIndividual,2022-01-01,no data,no data,no data,no data
Review189,c189,osgeo:ConceptReview,owl:NamedIndividual,2022-01-01,no data,no data,no data,no data
Review190,c190,osgeo:ConceptReview,owl:NamedIndividual,2022-01-01,no data,no data,no data,no data
Review191,c191,osgeo:ConceptReview,owl:NamedIndividual,2022-01-01,no data,no data,no data,no data
Review192,c192,osgeo:ConceptReview,owl:NamedIndividual,2022-01-01,no data,no data,no data,no data
Review193,c193,osgeo:ConceptReview,owl:NamedIndividual,2022-01-01,no data,no data,no data,no data
Review194,c194,osgeo:ConceptReview,owl:NamedIndividual,2022-01-01,no data,no data,no data,no data
Review195,c195,osgeo:ConceptReview,owl:NamedIndividual,2022-01-01,no data,no data,no data,no data
Review196,c196,osgeo:ConceptReview,owl:NamedIndividual,2022-01-01,no data,no data,no data,no data
Review197,c197,osgeo:ConceptReview,owl:NamedIndividual,2022-01-01,no data,no data,no data,no data
Review198,c198,osgeo:ConceptReview,owl:NamedIndividual,2022-01-01,no data,no data,no data,no data
Review199,c199,osgeo:ConceptReview,owl:NamedIndividual,2022-01-01,no data,no data,no data,no data
Review200,c200,osgeo:ConceptReview,owl:NamedIndividual,2022-01-01,no data,no data,no data,no data
Review201,c201,osgeo:ConceptReview,owl:NamedIndividual,2022-01-01,no data,no data,no data,no data
Review202,c202,osgeo:ConceptReview,owl:NamedIndividual,2022-01-01,no data,no data,no data,no data
Review203,c203,osgeo:ConceptReview,owl:NamedIndividual,2022-01-01,no data,no data,no data,no data
Review204,c204,osgeo:ConceptReview,owl:NamedIndividual,2022-01-01,no data,no data,no data,no data
Review205,c205,osgeo:ConceptReview,owl:NamedIndividual,2022-01-01,no data,no data,no data,no data
Review206,c206,osgeo:ConceptReview,owl:NamedIndividual,2022-01-01,no data,no data,no data,no data
Review207,c207,osgeo:ConceptReview,owl:NamedIndividual,2022-01-01,no data,no data,no data,no data
Review208,c208,osgeo:ConceptReview,owl:NamedIndividual,2022-01-01,no data,no data,no data,no data
Review209,c209,osgeo:ConceptReview,owl:NamedIndividual,2022-01-01,no data,no data,no data,no data
Review210,c210,osgeo:ConceptReview,owl:NamedIndividual,2022-01-01,no data,no data,no data,no data
Review211,c211,osgeo:ConceptReview,owl:NamedIndividual,2022-01-01,no data,no data,no data,no data
Review212,c212,osgeo:ConceptReview,owl:NamedIndividual,2022-01-01,no data,no data,no data,no data
Review213,c213,osgeo:ConceptReview,owl:NamedIndividual,2022-01-01,no data,no data,no data,no data
Review214,c214,osgeo:ConceptReview,owl:NamedIndividual,2022-01-01,no data,no data,no data,no data
Review215,c215,osgeo:ConceptReview,owl:NamedIndividual,2022-01-01,no data,no data,no data,no data
Review216,c216,osgeo:ConceptReview,owl:NamedIndividual,2022-01-01,no data,no data,no data,no data
Review217,c217,osgeo:ConceptReview,owl:NamedIndividual,2022-01-01,no data,no data,no data,no data
Review218,c218,osgeo:ConceptReview,owl:NamedIndividual,2022-01-01,no data,no data,no data,no data
Review219,c219,osgeo:ConceptReview,owl:NamedIndividual,2022-01-01,no data,no data,no data,no data
Review220,c220,osgeo:ConceptReview,owl:NamedIndividual,2022-01-01,no data,no data,no data,no data
Review221,c221,osgeo:ConceptReview,owl:NamedIndividual,2022-01-01,no data,no data,no data,no data
Review222,c222,osgeo:ConceptReview,owl:NamedIndividual,2022-01-01,no data,no data,no data,no data
Review223,c223,osgeo:ConceptReview,owl:NamedIndividual,2022-01-01,no data,no data,no data,no data
Review224,c224,osgeo:ConceptReview,owl:NamedIndividual,2022-01-01,no data,no data,no data,no data
Review225,c225,osgeo:ConceptReview,owl:NamedIndividual,2022-01-01,no data,no data,no data,no data
Review226,c226,osgeo:ConceptReview,owl:NamedIndividual,2022-01-01,no data,no data,no data,no data
Review227,c227,osgeo:ConceptReview,owl:NamedIndividual,2022-01-01,no data,no data,no data,no data
Review228,c228,osgeo:ConceptReview,owl:NamedIndividual,2022-01-01,no data,no data,no data,no data
Review229,c229,osgeo:ConceptReview,owl:NamedIndividual,2022-01-01,no data,no data,no data,no data
Review230,c230,osgeo:ConceptReview,owl:NamedIndividual,2022-01-01,no data,no data,no data,no data
Review231,c231,osgeo:ConceptReview,owl:NamedIndividual,2022-01-01,no data,no data,no data,no data
Review232,c232,osgeo:ConceptReview,owl:NamedIndividual,2022-01-01,no data,no data,no data,no data
Review233,c233,osgeo:ConceptReview,owl:NamedIndividual,2022-01-01,no data,no data,no data,no data
Review234,c234,osgeo:ConceptReview,owl:NamedIndividual,2022-01-01,no data,no data,no data,no data
Review235,c235,osgeo:ConceptReview,owl:NamedIndividual,2022-01-01,no data,no data,no data,no data
Review236,c236,osgeo:ConceptReview,owl:NamedIndividual,2022-01-01,no data,no data,no data,no data
Review237,c237,osgeo:ConceptReview,owl:NamedIndividual,2022-01-01,no data,no data,no data,no data
Review238,c238,osgeo:ConceptReview,owl:NamedIndividual,2022-01-01,no data,no data,no data,no data
Review239,c239,osgeo:ConceptReview,owl:NamedIndividual,2022-01-01,no data,no data,no data,no data
Review240,c240,osgeo:ConceptReview,owl:NamedIndividual,2022-01-01,no data,no data,no data,no data
Review241,c241,osgeo:ConceptReview,owl:NamedIndividual,2022-01-01,no data,no data,no data,no data
Review242,c242,osgeo:ConceptReview,owl:NamedIndividual,2022-01-01,no data,no data,no data,no data
Review243,c243,osgeo:ConceptReview,owl:NamedIndividual,2022-01-01,no data,no data,no data,no data
Review244,c244,osgeo:ConceptReview,owl:NamedIndividual,2022-01-01,no data,no data,no data,no data
Review245,c245,osgeo:ConceptReview,owl:NamedIndividual,2022-01-01,no data,no data,no data,no data
Review246,c246,osgeo:ConceptReview,owl:NamedIndividual,2022-01-01,no data,no data,no data,no data
Review247,c247,osgeo:ConceptReview,owl:NamedIndividual,2022-01-01,no data,no data,no data,no data
Review248,c248,osgeo:ConceptReview,owl:NamedIndividual,2022-01-01,no data,no data,no data,no data
Review249,c249,osgeo:ConceptReview,owl:NamedIndividual,2022-01-01,no data,no data,no data,no data
Review250,c250,osgeo:ConceptReview,owl:NamedIndividual,2022-01-01,no data,no data,no data,no data
Review251,c251,osgeo:ConceptReview,owl:NamedIndividual,2022-01-01,no data,no data,no data,no data
Review252,c252,osgeo:ConceptReview,owl:NamedIndividual,2022-01-01,no data,no data,no data,no data
Review253,c253,osgeo:ConceptReview,owl:NamedIndividual,2022-01-01,no data,no data,no data,no data
Review254,c254,osgeo:ConceptReview,owl:NamedIndividual,2022-01-01,no data,no data,no data,no data
Review255,c255,osgeo:ConceptReview,owl:NamedIndividual,2022-01-01,no data,no data,no data,no data
Review256,c256,osgeo:ConceptReview,owl:NamedIndividual,2022-01-01,no data,no data,no data,no data
Review257,c257,osgeo:ConceptReview,owl:NamedIndividual,2022-01-01,no data,no data,no data,no data
Review258,c258,osgeo:ConceptReview,owl:NamedIndividual,2022-01-01,no data,no data,no data,no data
Review259,c259,osgeo:ConceptReview,owl:NamedIndividual,2022-01-01,no data,no data,no data,no data
Review260,c260,osgeo:ConceptReview,owl:NamedIndividual,2022-01-01,no data,no data,no data,no data
Review261,c261,osgeo:ConceptReview,owl:NamedIndividual,2022-01-01,no data,no data,no data,no data
Review262,c262,osgeo:ConceptReview,owl:NamedIndividual,2022-01-01,no data,no data,no data,no data
Review263,c263,osgeo:ConceptReview,owl:NamedIndividual,2022-01-01,no data,no data,no data,no data
Review264,c264,osgeo:ConceptReview,owl:NamedIndividual,2022-01-01,no data,no data,no data,no data
Review265,c265,osgeo:ConceptReview,owl:NamedIndividual,2022-01-01,no data,no data,no data,no data
Review266,c266,osgeo:ConceptReview,owl:NamedIndividual,2022-01-01,no data,no data,no data,no data
Review267,c267,osgeo:ConceptReview,owl:NamedIndividual,2022-01-01,no data,no data,no data,no data
Review268,c268,osgeo:ConceptReview,owl:NamedIndividual,2022-01-01,no data,no data,no data,no data
Review269,c269,osgeo:ConceptReview,owl:NamedIndividual,2022-01-01,no data,no data,no data,no data
Review270,c270,osgeo:ConceptReview,owl:NamedIndividual,2022-01-01,no data,no data,no data,no data
Review271,c271,osgeo:ConceptReview,owl:NamedIndividual,2022-01-01,no data,no data,no data,no data
Review272,c272,osgeo:ConceptReview,owl:NamedIndividual,2022-01-01,no data,no data,no data,no data
Review273,c273,osgeo:ConceptReview,owl:NamedIndividual,2022-01-01,no data,no data,no data,no data
Review274,c274,osgeo:ConceptReview,owl:NamedIndividual,2022-01-01,no data,no data,no data,no data
Review275,c275,osgeo:ConceptReview,owl:NamedIndividual,2022-01-01,no data,no data,no data,no data
Review276,c276,osgeo:ConceptReview,owl:NamedIndividual,2022-01-01,no data,no data,no data,no data
Review277,c277,osgeo:ConceptReview,owl:NamedIndividual,2022-01-01,no data,no data,no data,no data
Review278,c278,osgeo:ConceptReview,owl:NamedIndividual,2022-01-01,no data,no data,no data,no data
Review279,c279,osgeo:ConceptReview,owl:NamedIndividual,2022-01-01,no data,no data,no data,no data
Review280,c280,osgeo:ConceptReview,owl:NamedIndividual,2022-01-01,no data,no data,no data,no data
Review281,c281,osgeo:ConceptReview,owl:NamedIndividual,2022-01-01,no data,no data,no data,no data
Review282,c282,osgeo:ConceptReview,owl:NamedIndividual,2022-01-01,no data,no data,no data,no data
Review283,c283,osgeo:ConceptReview,owl:NamedIndividual,2022-01-01,no data,no data,no data,no data
Review284,c284,osgeo:ConceptReview,owl:NamedIndividual,2022-01-01,no data,no data,no data,no data
Review285,c285,osgeo:ConceptReview,owl:NamedIndividual,2022-01-01,no data,no data,no data,no data
Review286,c286,osgeo:ConceptReview,owl:NamedIndividual,2022-01-01,no data,no data,no data,no data
Review287,c287,osgeo:ConceptReview,owl:NamedIndividual,2022-01-01,no data,no data,no data,no data
Review288,c288,osgeo:ConceptReview,owl:NamedIndividual,2022-01-01,no data,no data,no data,no data
Review289,c289,osgeo:ConceptReview,owl:NamedIndividual,2022-01-01,no data,no data,no data,no data
Review290,c290,osgeo:ConceptReview,owl:NamedIndividual,2022-01-01,no data,no data,no data,no data
Review291,c291,osgeo:ConceptReview,owl:NamedIndividual,2022-01-01,no data,no data,no data,no data
Review292,c292,osgeo:ConceptReview,owl:NamedIndividual,2022-01-01,no data,no data,no data,no data
Review293,c293,osgeo:ConceptReview,owl:NamedIndividual,2022-01-01,no data,no data,no data,no data
Review294,c294,osgeo:ConceptReview,owl:NamedIndividual,2022-01-01,no data,no data,no data,no data
Review295,c295,osgeo:ConceptReview,owl:NamedIndividual,2022-01-01,no data,no data,no data,no data
Review296,c296,osgeo:ConceptReview,owl:NamedIndividual,2022-01-01,no data,no data,no data,no data
Review297,c297,osgeo:ConceptReview,owl:NamedIndividual,2022-01-01,no data,no data,no data,no data
Review298,c298,osgeo:ConceptReview,owl:NamedIndividual,2022-01-01,no data,no data,no data,no data
Review299,c299,osgeo:ConceptReview,owl:NamedIndividual,2022-01-01,no data,no data,no data,no data
Review300,c300,osgeo:ConceptReview,owl:NamedIndividual,2022-01-01,no data,no data,no data,no data
Review301,c301,osgeo:ConceptReview,owl:NamedIndividual,2022-01-01,no data,no data,no data,no data
Review302,c302,osgeo:ConceptReview,owl:NamedIndividual,2022-01-01,no data,no data,no data,no data
Review303,c303,osgeo:ConceptReview,owl:NamedIndividual,2022-01-01,no data,no data,no data,no data
Review304,c304,osgeo:ConceptReview,owl:NamedIndividual,2022-01-01,no data,no data,no data,no data
Review305,c305,osgeo:ConceptReview,owl:NamedIndividual,2022-01-01,no data,no data,no data,no data
Review306,c306,osgeo:ConceptReview,owl:NamedIndividual,2022-01-01,no data,no data,no data,no data
Review307,c307,osgeo:ConceptReview,owl:NamedIndividual,2022-01-01,no data,no data,no data,no data
Review308,c308,osgeo:ConceptReview,owl:NamedIndividual,2022-01-01,no data,no data,no data,no data
Review309,c309,osgeo:ConceptReview,owl:NamedIndividual,2022-01-01,no data,no data,no data,no data
Review310,c310,osgeo:ConceptReview,owl:NamedIndividual,2022-01-01,no data,no data,no data,no data
Review311,c311,osgeo:ConceptReview,owl:NamedIndividual,2022-01-01,no data,no data,no data,no data
Review312,c312,osgeo:ConceptReview,owl:NamedIndividual,2022-01-01,no data,no data,no data,no data
Review313,c313,osgeo:ConceptReview,owl:NamedIndividual,2022-01-01,no data,no data,no data,no data
Review314,c314,osgeo:ConceptReview,owl:NamedIndividual,2022-01-01,no data,no data,no data,no data
Review315,c315,osgeo:ConceptReview,owl:NamedIndividual,2022-01-01,no data,no data,no data,no data
Review316,c316,osgeo:ConceptReview,owl:NamedIndividual,2022-01-01,no data,no data,no data,no data
Review317,c317,osgeo:ConceptReview,owl:NamedIndividual,2022-01-01,no data,no data,no data,no data
Review318,c318,osgeo:ConceptReview,owl:NamedIndividual,2022-01-01,no data,no data,no data,no data
Review319,c319,osgeo:ConceptReview,owl:NamedIndividual,2022-01-01,no data,no data,no data,no data
Review320,c320,osgeo:ConceptReview,owl:NamedIndividual,2022-01-01,no data,no data,no data,no data
Review321,c321,osgeo:ConceptReview,owl:NamedIndividual,2022-01-01,no data,no data,no data,no data
Review322,c322,osgeo:ConceptReview,owl:NamedIndividual,2022-01-01,no data,no data,no data,no data
Review323,c323,osgeo:ConceptReview,owl:NamedIndividual,2022-01-01,no data,no data,no data,no data
Review324,c324,osgeo:ConceptReview,owl:NamedIndividual,2022-01-01,no data,no data,no data,no data
Review325,c325,osgeo:ConceptReview,owl:NamedIndividual,2022-01-01,no data,no data,no data,no data
Review326,c326,osgeo:ConceptReview,owl:NamedIndividual,2022-01-01,no data,no data,no data,no data
Review327,c327,osgeo:ConceptReview,owl:NamedIndividual,2022-01-01,no data,no data,no data,no data
Review328,c328,osgeo:ConceptReview,owl:NamedIndividual,2022-01-01,no data,no data,no data,no data
Review329,c329,osgeo:ConceptReview,owl:NamedIndividual,2022-01-01,no data,no data,no data,no data
Review330,c330,osgeo:ConceptReview,owl:NamedIndividual,2022-01-01,no data,no data,no data,no data
Review331,c331,osgeo:ConceptReview,owl:NamedIndividual,2022-01-01,no data,no data,no data,no data
Review332,c332,osgeo:ConceptReview,owl:NamedIndividual,2022-01-01,no data,no data,no data,no data
Review333,c333,osgeo:ConceptReview,owl:NamedIndividual,2022-01-01,no data,no data,no data,no data
Review334,c334,osgeo:ConceptReview,owl:NamedIndividual,2022-01-01,no data,no data,no data,no data
Review335,c335,osgeo:ConceptReview,owl:NamedIndividual,2022-01-01,no data,no data,no data,no data
Review336,c336,osgeo:ConceptReview,owl:NamedIndividual,2022-01-01,no data,no data,no data,no data
Review337,c337,osgeo:ConceptReview,owl:NamedIndividual,2022-01-01,no data,no data,no data,no data
Review338,c338,osgeo:ConceptReview,owl:NamedIndividual,2022-01-01,no data,no data,no data,no data
Review339,c339,osgeo:ConceptReview,owl:NamedIndividual,2022-01-01,no data,no data,no data,no data
Review340,c340,osgeo:ConceptReview,owl:NamedIndividual,2022-01-01,no data,no data,no data,no data
Review341,c341,osgeo:ConceptReview,owl:NamedIndividual,2022-01-01,no data,no data,no data,no data
Review342,c342,osgeo:ConceptReview,owl:NamedIndividual,2022-01-01,no data,no data,no data,no data
Review343,c343,osgeo:ConceptReview,owl:NamedIndividual,2022-01-01,no data,no data,no data,no data
Review344,c344,osgeo:ConceptReview,owl:NamedIndividual,2022-01-01,no data,no data,no data,no data
Review345,c345,osgeo:ConceptReview,owl:NamedIndividual,2022-01-01,no data,no data,no data,no data
Review346,c346,osgeo:ConceptReview,owl:NamedIndividual,2022-01-01,no data,no data,no data,no data
Review347,c347,osgeo:ConceptReview,owl:NamedIndividual,2022-01-01,no data,no data,no data,no data
Review348,c348,osgeo:ConceptReview,owl:NamedIndividual,2022-01-01,no data,no data,no data,no data
Review349,c349,osgeo:ConceptReview,owl:NamedIndividual,2022-01-01,no data,no data,no data,no data
Review350,c350,osgeo:ConceptReview,owl:NamedIndividual,2022-01-01,no data,no data,no data,no data
Review351,c351,osgeo:ConceptReview,owl:NamedIndividual,2022-01-01,no data,no data,no data,no data
Review352,c352,osgeo:ConceptReview,owl:NamedIndividual,2022-01-01,no data,no data,no data,no data
Review353,c353,osgeo:ConceptReview,owl:NamedIndividual,2022-01-01,no data,no data,no data,no data
Review354,c354,osgeo:ConceptReview,owl:NamedIndividual,2022-01-01,no data,no data,no data,no data
Review355,c355,osgeo:ConceptReview,owl:NamedIndividual,2022-01-01,no data,no data,no data,no data
Review356,c356,osgeo:ConceptReview,owl:NamedIndividual,2022-01-01,no data,no data,no data,no data
Review357,c357,osgeo:ConceptReview,owl:NamedIndividual,2022-01-01,no data,no data,no data,no data
Review358,c358,osgeo:ConceptReview,owl:NamedIndividual,2022-01-01,no data,no data,no data,no data
Review359,c359,osgeo:ConceptReview,owl:NamedIndividual,2022-01-01,no data,no data,no data,no data
Review360,c360,osgeo:ConceptReview,owl:NamedIndividual,2022-01-01,no data,no data,no data,no data
Review361,c361,osgeo:ConceptReview,owl:NamedIndividual,2022-01-01,no data,no data,no data,no data
Review362,c362,osgeo:ConceptReview,owl:NamedIndividual,2022-01-01,no data,no data,no data,no data
Review363,c363,osgeo:ConceptReview,owl:NamedIndividual,2022-01-01,no data,no data,no data,no data
Review364,c364,osgeo:ConceptReview,owl:NamedIndividual,2022-01-01,no data,no data,no data,no data
Review365,c365,osgeo:ConceptReview,owl:NamedIndividual,2022-01-01,no data,no data,no data,no data
Review366,c366,osgeo:ConceptReview,owl:NamedIndividual,2022-01-01,no data,no data,no data,no data
Review367,c367,osgeo:ConceptReview,owl:NamedIndividual,2022-01-01,no data,no data,no data,no data
Review368,c368,osgeo:ConceptReview,owl:NamedIndividual,2022-01-01,no data,no data,no data,no data
Review369,c369,osgeo:ConceptReview,owl:NamedIndividual,2022-01-01,no data,no data,no data,no data
Review370,c370,osgeo:ConceptReview,owl:NamedIndividual,2022-01-01,no data,no data,no data,no data
Review371,c371,osgeo:ConceptReview,owl:NamedIndividual,2022-01-01,no data,no data,no data,no data
Review372,c372,osgeo:ConceptReview,owl:NamedIndividual,2022-01-01,no data,no data,no data,no data
Review373,c373,osgeo:ConceptReview,owl:NamedIndividual,2022-01-01,no data,no data,no data,no data
Review374,c374,osgeo:ConceptReview,owl:NamedIndividual,2022-01-01,no data,no data,no data,no data
Review375,c375,osgeo:ConceptReview,owl:NamedIndividual,2022-01-01,no data,no data,no data,no data
Review376,c376,osgeo:ConceptReview,owl:NamedIndividual,2022-01-01,no data,no data,no data,no data
Review377,c377,osgeo:ConceptReview,owl:NamedIndividual,2022-01-01,no data,no data,no data,no data
Review378,c378,osgeo:ConceptReview,owl:NamedIndividual,2022-01-01,no data,no data,no data,no data
Review379,c379,osgeo:ConceptReview,owl:NamedIndividual,2022-01-01,no data,no data,no data,no data
Review380,c380,osgeo:ConceptReview,owl:NamedIndividual,2022-01-01,no data,no data,no data,no data
Review381,c381,osgeo:ConceptReview,owl:NamedIndividual,2022-01-01,no data,no data,no data,no data
Review382,c382,osgeo:ConceptReview,owl:NamedIndividual,2022-01-01,no data,no data,no data,no data
Review383,c383,osgeo:ConceptReview,owl:NamedIndividual,2022-01-01,no data,no data,no data,no data
Review384,c384,osgeo:ConceptReview,owl:NamedIndividual,2022-01-01,no data,no data,no data,no data
Review385,c385,osgeo:ConceptReview,owl:NamedIndividual,2022-01-01,no data,no data,no data,no data
Review386,c386,osgeo:ConceptReview,owl:NamedIndividual,2022-01-01,no data,no data,no data,no data
Review387,c387,osgeo:ConceptReview,owl:NamedIndividual,2022-01-01,no data,no data,no data,no data
Review388,c388,osgeo:ConceptReview,owl:NamedIndividual,2022-01-01,no data,no data,no data,no data
Review389,c389,osgeo:ConceptReview,owl:NamedIndividual,2022-01-01,no data,no data,no data,no data
Review390,c390,osgeo:ConceptReview,owl:NamedIndividual,2022-01-01,no data,no data,no data,no data
Review391,c391,osgeo:ConceptReview,owl:NamedIndividual,2022-01-01,no data,no data,no data,no data
Review392,c392,osgeo:ConceptReview,owl:NamedIndividual,2022-01-01,no data,no data,no data,no data
Review393,c393,osgeo:ConceptReview,owl:NamedIndividual,2022-01-01,no data,no data,no data,no data
Review394,c394,osgeo:ConceptReview,owl:NamedIndividual,2022-01-01,no data,no data,no data,no data
Review395,c395,osgeo:ConceptReview,owl:NamedIndividual,2022-01-01,no data,no data,no data,no data
Review396,c396,osgeo:ConceptReview,owl:NamedIndividual,2022-01-01,no data,no data,no data,no data
Review397,c397,osgeo:ConceptReview,owl:NamedIndividual,2022-01-01,no data,no data,no data,no data
Review398,c398,osgeo:ConceptReview,owl:NamedIndividual,2022-01-01,no data,no data,no data,no data
Review399,c399,osgeo:ConceptReview,owl:NamedIndividual,2022-01-01,no data,no data,no data,no data
Review400,c400,osgeo:ConceptReview,owl:NamedIndividual,2022-01-01,no data,no data,no data,no data
Review401,c401,osgeo:ConceptReview,owl:NamedIndividual,2022-01-01,no data,no data,no data,no data
Review402,c402,osgeo:ConceptReview,owl:NamedIndividual,2022-01-01,no data,no data,no data,no data
Review403,c403,osgeo:ConceptReview,owl:NamedIndividual,2022-01-01,no data,no data,no data,no data
Review404,c404,osgeo:ConceptReview,owl:NamedIndividual,2022-01-01,no data,no data,no data,no data
Review405,c405,osgeo:ConceptReview,owl:NamedIndividual,2022-01-01,no data,no data,no data,no data
Review406,c406,osgeo:ConceptReview,owl:NamedIndividual,2022-01-01,no data,no data,no data,no data
Review407,c407,osgeo:ConceptReview,owl:NamedIndividual,2022-01-01,no data,no data,no data,no data
Review408,c408,osgeo:ConceptReview,owl:NamedIndividual,2022-01-01,no data,no data,no data,no data
Review409,c409,osgeo:ConceptReview,owl:NamedIndividual,2022-01-01,no data,no data,no data,no data
Review410,c410,osgeo:ConceptReview,owl:NamedIndividual,2022-01-01,no data,no data,no data,no data
Review411,c411,osgeo:ConceptReview,owl:NamedIndividual,2022-01-01,no data,no data,no data,no data
Review412,c412,osgeo:ConceptReview,owl:NamedIndividual,2022-01-01,no data,no data,no data,no data
Review413,c413,osgeo:ConceptReview,owl:NamedIndividual,2022-01-01,no data,no data,no data,no data
Review414,c414,osgeo:ConceptReview,owl:NamedIndividual,2022-01-01,no data,no data,no data,no data
Review415,c415,osgeo:ConceptReview,owl:NamedIndividual,2022-01-01,no data,no data,no data,no data
Review416,c416,osgeo:ConceptReview,owl:NamedIndividual,2022-01-01,no data,no data,no data,no data
Review417,c417,osgeo:ConceptReview,owl:NamedIndividual,2022-01-01,no data,no data,no data,no data
Review418,c418,osgeo:ConceptReview,owl:NamedIndividual,2022-01-01,no data,no data,no data,no data
Review419,c419,osgeo:ConceptReview,owl:NamedIndividual,2022-01-01,no data,no data,no data,no data
Review420,c420,osgeo:ConceptReview,owl:NamedIndividual,2022-01-01,no data,no data,no data,no data
Review421,c421,osgeo:ConceptReview,owl:NamedIndividual,2022-01-01,no data,no data,no data,no data
Review422,c422,osgeo:ConceptReview,owl:NamedIndividual,2022-01-01,no data,no data,no data,no data
Review423,c423,osgeo:ConceptReview,owl:NamedIndividual,2022-01-01,no data,no data,no data,no data
Review424,c424,osgeo:ConceptReview,owl:NamedIndividual,2022-01-01,no data,no data,no data,no data
Review425,c425,osgeo:ConceptReview,owl:NamedIndividual,2022-01-01,no data,no data,no data,no data
Review426,c426,osgeo:ConceptReview,owl:NamedIndividual,2022-01-01,no data,no data,no data,no data
Review427,c427,osgeo:ConceptReview,owl:NamedIndividual,2022-01-01,no data,no data,no data,no data
Review428,c428,osgeo:ConceptReview,owl:NamedIndividual,2022-01-01,no data,no data,no data,no data
Review429,c429,osgeo:ConceptReview,owl:NamedIndividual,2022-01-01,no data,no data,no data,no data
Review430,c430,osgeo:ConceptReview,owl:NamedIndividual,2022-01-01,no data,no data,no data,no data
Review431,c431,osgeo:ConceptReview,owl:NamedIndividual,2022-01-01,no data,no data,no data,no data
Review432,c432,osgeo:ConceptReview,owl:NamedIndividual,2022-01-01,no data,no data,no data,no data
Review433,c433,osgeo:ConceptReview,owl:NamedIndividual,2022-01-01,no data,no data,no data,no data
Review434,c434,osgeo:ConceptReview,owl:NamedIndividual,2022-01-01,no data,no data,no data,no data
Review435,c435,osgeo:ConceptReview,owl:NamedIndividual,2022-01-01,no data,no data,no data,no data
Review436,c436,osgeo:ConceptReview,owl:NamedIndividual,2022-01-01,no data,no data,no data,no data
Review437,c437,osgeo:ConceptReview,owl:NamedIndividual,2022-01-01,no data,no data,no data,no data
Review438,c438,osgeo:ConceptReview,owl:NamedIndividual,2022-01-01,no data,no data,no data,no data
Review439,c439,osgeo:ConceptReview,owl:NamedIndividual,2022-01-01,no data,no data,no data,no data
Review440,c440,osgeo:ConceptReview,owl:NamedIndividual,2022-01-01,no data,no data,no data,no data
Review441,c441,osgeo:ConceptReview,owl:NamedIndividual,2022-01-01,no data,no data,no data,no data
Review442,c442,osgeo:ConceptReview,owl:NamedIndividual,2022-01-01,no data,no data,no data,no data
Review443,c443,osgeo:ConceptReview,owl:NamedIndividual,2022-01-01,no data,no data,no data,no data
Review444,c444,osgeo:ConceptReview,owl:NamedIndividual,2022-01-01,no data,no data,no data,no data