label,id,term
AIP version,2266,https://isotc211.geolexica.org/api/concepts#AIP_version
AIP edition,2265,https://isotc211.geolexica.org/api/concepts#AIP_edition
access rights information,2264,https://isotc211.geolexica.org/api/concepts#access_rights_info
reference vocabulary,2263,https://isotc211.geolexica.org/api/concepts#reference_vocabulary
operating vocabulary,2262,https://isotc211.geolexica.org/api/concepts#operating_vocabulary
generic concept system,2261,https://isotc211.geolexica.org/api/concepts#generic_concept_system
cross-map register,2260,https://isotc211.geolexica.org/api/concepts#cross_map_register
cross-map entry,2259,https://isotc211.geolexica.org/api/concepts#cross_map_entry
active sensing system,2258,https://isotc211.geolexica.org/api/concepts#active_sensing_system
spectral width,2256,https://isotc211.geolexica.org/api/concepts#spectral_width
type coercion (programming),2255,https://isotc211.geolexica.org/api/concepts#type_coercion_programming
"topological primitive (geometry, topology)",2254,https://isotc211.geolexica.org/api/concepts#topological_primitive_geom_topo
start node,2253,https://isotc211.geolexica.org/api/concepts#start_node
"start node (topology, graph theory)",2253,https://isotc211.geolexica.org/api/concepts#start_node
"spatial dimension, noun (topology, geometry)",2252,https://isotc211.geolexica.org/api/concepts#spatial_dimension_noun
"spatial dimension, adj (topology, geometry)",2251,https://isotc211.geolexica.org/api/concepts#spatial_dimension_adj
"simple (topology, geometry)",2250,https://isotc211.geolexica.org/api/concepts#simple_topo_geo
co-domain (mathematics),2249,https://isotc211.geolexica.org/api/concepts#co_domain
range,2248,https://isotc211.geolexica.org/api/concepts#range
plane curve (geometry),2247,https://isotc211.geolexica.org/api/concepts#plane_curve_geom
partition of unity <mathematics>,2246,https://isotc211.geolexica.org/api/concepts#partition_unity
"open set (metric, topology, geometry)",2245,https://isotc211.geolexica.org/api/concepts#open_set
"normal (differential geometry, geodesy)",2244,https://isotc211.geolexica.org/api/concepts#normal_diff_geom
"normal curvature vector (differential geometry, geodesy)",2243,https://isotc211.geolexica.org/api/concepts#normal_curvature_vector
"neighborhood (topology, metric spaces)",2242,https://isotc211.geolexica.org/api/concepts#neighborhood_topo_metric_spaces
geometric reference surface (geometry),2241,https://isotc211.geolexica.org/api/concepts#geometric_reference_surface
convex (geometry),2239,https://isotc211.geolexica.org/api/concepts#convex_geometry
bearing,2238,https://isotc211.geolexica.org/api/concepts#bearing
greatest lower bound (mathematics),2236,https://isotc211.geolexica.org/api/concepts#greatest_lower_bound
submission information package,2234,https://isotc211.geolexica.org/api/concepts#submission_info_package
repackaging,2230,https://isotc211.geolexica.org/api/concepts#repackaging
refreshment,2229,https://isotc211.geolexica.org/api/concepts#refreshment
preservation description information,2224,https://isotc211.geolexica.org/api/concepts#preservation_descrip_info
package description,2222,https://isotc211.geolexica.org/api/concepts#package_description
management (OAIS),2220,https://isotc211.geolexica.org/api/concepts#management_OAIS
long term preservation,2219,https://isotc211.geolexica.org/api/concepts#long_term_preservation
federated archives,2215,https://isotc211.geolexica.org/api/concepts#federated_archives
dissemination information package,2214,https://isotc211.geolexica.org/api/concepts#dissemination_info_package
digital object,2213,https://isotc211.geolexica.org/api/concepts#digital_object
data dictionary,2208,https://isotc211.geolexica.org/api/concepts#data_dictionary
archival information package,2206,https://isotc211.geolexica.org/api/concepts#archival_info_package
access software,2203,https://isotc211.geolexica.org/api/concepts#access_software
scattering matrix,2201,https://isotc211.geolexica.org/api/concepts#scattering_matrix
radar cross section,2200,https://isotc211.geolexica.org/api/concepts#radar_cross_section
polarimetric synthetic aperture radar,2196,https://isotc211.geolexica.org/api/concepts#polarimetric_synth_apert_radar
interferometric synthetic aperture radar,2193,https://isotc211.geolexica.org/api/concepts#interferometric_synth_apert_radar
cross-talk,2190,https://isotc211.geolexica.org/api/concepts#cross_talk
antenna pattern,2187,https://isotc211.geolexica.org/api/concepts#antenna_pattern
signature,2185,https://isotc211.geolexica.org/api/concepts#signature
tangent plane,2182,https://isotc211.geolexica.org/api/concepts#tangent_plane
tangent space,2181,https://isotc211.geolexica.org/api/concepts#tangent_space
inverse geodetic problem (differential geometry),2178,https://isotc211.geolexica.org/api/concepts#inverse_geodetic_problem
second geodetic problem (differential geometry),2177,https://isotc211.geolexica.org/api/concepts#second_geodetic_problem
"row-major form (mathematics, computer science)",2176,https://isotc211.geolexica.org/api/concepts#row_major_form
plane curve segment (geometry),2174,https://isotc211.geolexica.org/api/concepts#plane_curve_segment
"n-sphere (geometry, topology)",2172,https://isotc211.geolexica.org/api/concepts#n_sphere
"n-disc (topology, geometry)",2171,https://isotc211.geolexica.org/api/concepts#n_disc
monotonic (mathematics),2170,https://isotc211.geolexica.org/api/concepts#monotonic_mathematics
isometry (mathematics),2169,https://isotc211.geolexica.org/api/concepts#isometry_mathematics
homomorphism (mathematics),2168,https://isotc211.geolexica.org/api/concepts#homomorphism_mathematics
geometric set,2166,https://isotc211.geolexica.org/api/concepts#geometric_set
geometric set (geometry),2166,https://isotc211.geolexica.org/api/concepts#geometric_set
geometric primitive,2164,https://isotc211.geolexica.org/api/concepts#geometric_primitive
geometric primitive (geometry),2164,https://isotc211.geolexica.org/api/concepts#geometric_primitive
geometric dimension,2163,https://isotc211.geolexica.org/api/concepts#geometric_dimension
"geometric dimension (geometry, topology)",2163,https://isotc211.geolexica.org/api/concepts#geometric_dimension
"geodesic circle (differential geometry, geodesy)",2162,https://isotc211.geolexica.org/api/concepts#geodesic_circle
footprint,2161,https://isotc211.geolexica.org/api/concepts#footprint
"direct geodetic problem (differential geometry, geodesy)",2160,https://isotc211.geolexica.org/api/concepts#direct_geodetic_problem
"first geodetic problem (differential geometry, geodesy)",2159,https://isotc211.geolexica.org/api/concepts#first_geodetic_problem
empty set (mathematics),2158,https://isotc211.geolexica.org/api/concepts#empty_set_math
diameter (metric),2156,https://isotc211.geolexica.org/api/concepts#diameter_metric
data point (coordinate geometry),2155,https://isotc211.geolexica.org/api/concepts#data_point_coord_geom
control point (coordinate geometry),2154,https://isotc211.geolexica.org/api/concepts#control_point_coord_geom
path connected,2153,https://isotc211.geolexica.org/api/concepts#path_connected
connected,2152,https://isotc211.geolexica.org/api/concepts#connected
"conformal, adj.",2151,https://isotc211.geolexica.org/api/concepts#conformal_adj
closure,2150,https://isotc211.geolexica.org/api/concepts#closure
buffer,2149,https://isotc211.geolexica.org/api/concepts#buffer
swath,2145,https://isotc211.geolexica.org/api/concepts#swath
internal accuracy,2144,https://isotc211.geolexica.org/api/concepts#internal_accuracy
U-code,2143,https://isotc211.geolexica.org/api/concepts#U_code
rendition instruction,2141,https://isotc211.geolexica.org/api/concepts#rendition_instruction
rendering parameter,2140,https://isotc211.geolexica.org/api/concepts#rendering_parameter
rendered address,2139,https://isotc211.geolexica.org/api/concepts#rendered_address
rendered postal address,2138,https://isotc211.geolexica.org/api/concepts#rendered_postal_address
postal operator,2137,https://isotc211.geolexica.org/api/concepts#postal_operator
postal item,2136,https://isotc211.geolexica.org/api/concepts#postal_item
postal address type,2135,https://isotc211.geolexica.org/api/concepts#postal_address_type
template (postal),2134,https://isotc211.geolexica.org/api/concepts#template_postal_address
postal address template (postal),2133,https://isotc211.geolexica.org/api/concepts#postal_address_template
segment (postal address),2132,https://isotc211.geolexica.org/api/concepts#segment_postal_address
postal address segment (postal address),2131,https://isotc211.geolexica.org/api/concepts#postal_address_segment
address rendition (postal address),2130,https://isotc211.geolexica.org/api/concepts#address_rendition
postal address rendering (postal address),2129,https://isotc211.geolexica.org/api/concepts#postal_address_rendering
sub-element (postal address),2128,https://isotc211.geolexica.org/api/concepts#sub_element_postal_address
postal address sub-element (postal address),2127,https://isotc211.geolexica.org/api/concepts#postal_address_sub_element
postal address element code,2126,https://isotc211.geolexica.org/api/concepts#postal_address_element_code
element (postal address),2125,https://isotc211.geolexica.org/api/concepts#element_postal_address
postal address element (postal address),2124,https://isotc211.geolexica.org/api/concepts#postal_address_element
domain (postal address),2123,https://isotc211.geolexica.org/api/concepts#domain_postal_address
postal address domain (postal address),2122,https://isotc211.geolexica.org/api/concepts#postal_address_domain
construct (postal address),2121,https://isotc211.geolexica.org/api/concepts#construct_postal_address
postal address construct (postal address),2120,https://isotc211.geolexica.org/api/concepts#postal_address_construct
component (postal address),2119,https://isotc211.geolexica.org/api/concepts#component_postal_address
postal address component (postal address),2118,https://isotc211.geolexica.org/api/concepts#postal_address_component
postal address,2117,https://isotc211.geolexica.org/api/concepts#postal_address
mailee,2116,https://isotc211.geolexica.org/api/concepts#mailee
delivery point (postal),2114,https://isotc211.geolexica.org/api/concepts#delivery_point_postal
delivery address (postal),2113,https://isotc211.geolexica.org/api/concepts#delivery_address_postal
addressee,2112,https://isotc211.geolexica.org/api/concepts#addressee
georeferenceable,2111,https://isotc211.geolexica.org/api/concepts#georeferenceable
binding,2110,https://isotc211.geolexica.org/api/concepts#binding
flattening,2108,https://isotc211.geolexica.org/api/concepts#flattening
trip pattern,2107,https://isotc211.geolexica.org/api/concepts#trip_pattern
transport mode,2106,https://isotc211.geolexica.org/api/concepts#transport_mode
transport means,2105,https://isotc211.geolexica.org/api/concepts#transport_means
transfer node,2104,https://isotc211.geolexica.org/api/concepts#transfer_node
transfer,2103,https://isotc211.geolexica.org/api/concepts#transfer
stop point,2102,https://isotc211.geolexica.org/api/concepts#stop_point
thematic data,2101,https://isotc211.geolexica.org/api/concepts#thematic_data
looks,2100,https://isotc211.geolexica.org/api/concepts#looks
"topological boundary (geometry, topology)",2096,https://isotc211.geolexica.org/api/concepts#topol_bound_geom_topol
tangent vector,2095,https://isotc211.geolexica.org/api/concepts#tangent_vector
"geodesic curvature vector (differential geometry, geodesy)",2093,https://isotc211.geolexica.org/api/concepts#geodesic_curvature_vector
"tangential curvature vector (differential geometry, geodesy)",2092,https://isotc211.geolexica.org/api/concepts#tangent_curvature_vector
"tangent (differential geometry, calculus)",2091,https://isotc211.geolexica.org/api/concepts#tangent_diff_geom_calc
"segment (topology, geometry)",2089,https://isotc211.geolexica.org/api/concepts#segment_topo_geom
"loxodrome (geometry, navigation)",2084,https://isotc211.geolexica.org/api/concepts#loxodrome_geom_navig
rhumb line,2083,https://isotc211.geolexica.org/api/concepts#rhumb_line
Pythagorean metric (Euclidean geometry),2081,https://isotc211.geolexica.org/api/concepts#Pythagorean_metric
"normal section curve (differential geometry, geodesy)",2078,https://isotc211.geolexica.org/api/concepts#normal_section_curve
"n-simplex (geometry, topology)",2075,https://isotc211.geolexica.org/api/concepts#n_simplex_geometry_topology
minimum (mathematics),2072,https://isotc211.geolexica.org/api/concepts#minimum_mathematics
least upper bound (mathematics),2071,https://isotc211.geolexica.org/api/concepts#least_upper_bound_mathematics
maximum (mathematics),2070,https://isotc211.geolexica.org/api/concepts#maximum_mathematics
isomorphic (mathematics),2066,https://isotc211.geolexica.org/api/concepts#isomorphic_mathematics
inner product (vector geometry),2065,https://isotc211.geolexica.org/api/concepts#inner_product_vector_geom
geometric boundary,2060,https://isotc211.geolexica.org/api/concepts#geometric_boundary
"geodesic line (differential geometry, geodesy)",2056,https://isotc211.geolexica.org/api/concepts#geodesic_line_geom_geodesy
"geodesic (differential geometry, geodesy)",2055,https://isotc211.geolexica.org/api/concepts#geodesic_diff_geom_geodesy
exponential map (differential geometry),2051,https://isotc211.geolexica.org/api/concepts#expon_map_diff_geom
error budget (metric),2050,https://isotc211.geolexica.org/api/concepts#error_budget_metric
end node &lt;topology&gt;,2049,https://isotc211.geolexica.org/api/concepts#end_node_topology
"distance (geometry, metric spaces)",2046,https://isotc211.geolexica.org/api/concepts#distance_geom_metric_spaces
"cycle (geometry, topology)",2042,https://isotc211.geolexica.org/api/concepts#cycle_geometry_topology
curvature vector (differential geometry),2041,https://isotc211.geolexica.org/api/concepts#curvature_vector_diff_geom
coordinate dimension (coordinate geometry),2039,https://isotc211.geolexica.org/api/concepts#coord_dim_coord_geom
coordinate,2038,https://isotc211.geolexica.org/api/concepts#coordinate
bicontinuous (mathematics),2032,https://isotc211.geolexica.org/api/concepts#bicontinuous_mathematics
arc (geometry),2029,https://isotc211.geolexica.org/api/concepts#arc_geometry
abstract root (programming),2028,https://isotc211.geolexica.org/api/concepts#abstract_root_programming
party (postal),1959,https://isotc211.geolexica.org/api/concepts#party_postal
mailer,1958,https://isotc211.geolexica.org/api/concepts#mailer
mail recipient,1955,https://isotc211.geolexica.org/api/concepts#mail_recipient
delivery (postal),1950,https://isotc211.geolexica.org/api/concepts#delivery_postal
entity,1948,https://isotc211.geolexica.org/api/concepts#entity
vertical accuracy,1947,https://isotc211.geolexica.org/api/concepts#vertical_accuracy
strip adjustment,1945,https://isotc211.geolexica.org/api/concepts#strip_adjustment
relative accuracy,1944,https://isotc211.geolexica.org/api/concepts#relative_accuracy
nadir,1942,https://isotc211.geolexica.org/api/concepts#nadir
lever arm,1940,https://isotc211.geolexica.org/api/concepts#lever_arm
horizontal accuracy,1938,https://isotc211.geolexica.org/api/concepts#horizontal_accuracy
digital terrain model,1936,https://isotc211.geolexica.org/api/concepts#digital_terrain_model
digital surface model,1935,https://isotc211.geolexica.org/api/concepts#digital_surface_model
checkpoint,1934,https://isotc211.geolexica.org/api/concepts#checkpoint
check point,1933,https://isotc211.geolexica.org/api/concepts#check_point
breakline,1932,https://isotc211.geolexica.org/api/concepts#breakline
boresight,1931,https://isotc211.geolexica.org/api/concepts#boresight
bare earth elevation,1930,https://isotc211.geolexica.org/api/concepts#bare_earth_elevation
absolute accuracy,1928,https://isotc211.geolexica.org/api/concepts#absolute_accuracy
ungeoreferenced grid,1927,https://isotc211.geolexica.org/api/concepts#ungeoreferenced_grid
fused image,1923,https://isotc211.geolexica.org/api/concepts#fused_image
Place Identifier (PI) linking mechanism,1921,https://isotc211.geolexica.org/api/concepts#Place_Id_link_mechanism
Place Identifier (PI) link,1920,https://isotc211.geolexica.org/api/concepts#Place_Id_link
geodetic datum,1918,https://isotc211.geolexica.org/api/concepts#geodetic_datum
free text,1762,https://isotc211.geolexica.org/api/concepts#free_text
locale,1703,https://isotc211.geolexica.org/api/concepts#locale
addressing,1702,https://isotc211.geolexica.org/api/concepts#addressing
address alias,1701,https://isotc211.geolexica.org/api/concepts#address_alias
addressable object,1699,https://isotc211.geolexica.org/api/concepts#addressable_object
address,1698,https://isotc211.geolexica.org/api/concepts#address
terminology register,1697,https://isotc211.geolexica.org/api/concepts#terminology_register
terminological entry identifier,1696,https://isotc211.geolexica.org/api/concepts#term_entry_identifier
submitted language register,1695,https://isotc211.geolexica.org/api/concepts#submitted_language_register
submitted language,1694,https://isotc211.geolexica.org/api/concepts#submitted_language
reference language subregister,1693,https://isotc211.geolexica.org/api/concepts#reference_language_subregister
reference language,1692,https://isotc211.geolexica.org/api/concepts#reference_language
reference environment,1691,https://isotc211.geolexica.org/api/concepts#reference_environment
non-verbal representation,1690,https://isotc211.geolexica.org/api/concepts#non_verbal_representation
homophone,1689,https://isotc211.geolexica.org/api/concepts#homophone
homograph,1688,https://isotc211.geolexica.org/api/concepts#homograph
domain (general vocabulary),1687,https://isotc211.geolexica.org/api/concepts#domain_general_vocab
data category,1686,https://isotc211.geolexica.org/api/concepts#data_category
precision,1685,https://isotc211.geolexica.org/api/concepts#precision
real world effect,1683,https://isotc211.geolexica.org/api/concepts#real_world_effect
capability,1679,https://isotc211.geolexica.org/api/concepts#capability
module,1678,https://isotc211.geolexica.org/api/concepts#module
SONAR,1677,https://isotc211.geolexica.org/api/concepts#SONAR
lidar,1676,https://isotc211.geolexica.org/api/concepts#lidar
geographic coordinates,1675,https://isotc211.geolexica.org/api/concepts#geographic_coordinates
simple register,1670,https://isotc211.geolexica.org/api/concepts#simple_register
white space,1667,https://isotc211.geolexica.org/api/concepts#white_space
spheroid,1666,https://isotc211.geolexica.org/api/concepts#spheroid_closed
Cartesian coordinate system,1659,https://isotc211.geolexica.org/api/concepts#Carte_coord_sys
bearing,1658,https://isotc211.geolexica.org/api/concepts#bearing
address reference system,1656,https://isotc211.geolexica.org/api/concepts#address_reference_system
address class,1655,https://isotc211.geolexica.org/api/concepts#address_class
public access,1654,https://isotc211.geolexica.org/api/concepts#public_access
linked geodata,1653,https://isotc211.geolexica.org/api/concepts#linked_geodata
application ontology,1652,https://isotc211.geolexica.org/api/concepts#application_ontology
metadata,1650,https://isotc211.geolexica.org/api/concepts#metadata
lineage,1649,https://isotc211.geolexica.org/api/concepts#lineage
citation,1647,https://isotc211.geolexica.org/api/concepts#citation
literal,1644,https://isotc211.geolexica.org/api/concepts#literal
ubiquitous geographic information,1642,https://isotc211.geolexica.org/api/concepts#ubiquitous_geographic_info
ubiquitous public access,1641,https://isotc211.geolexica.org/api/concepts#ubiquitous_public_access
seamless mobility,1640,https://isotc211.geolexica.org/api/concepts#seamless_mobility
context-awareness,1638,https://isotc211.geolexica.org/api/concepts#context_awareness
ambient intelligence,1637,https://isotc211.geolexica.org/api/concepts#ambient_intelligence
invalidation (register),1636,https://isotc211.geolexica.org/api/concepts#invalidation_register
child addressable object,1631,https://isotc211.geolexica.org/api/concepts#child_address_object
child address,1630,https://isotc211.geolexica.org/api/concepts#child_address
address position,1629,https://isotc211.geolexica.org/api/concepts#address_position
subject field,1625,https://isotc211.geolexica.org/api/concepts#subject_field
concept field,1624,https://isotc211.geolexica.org/api/concepts#concept_field
transport network,1621,https://isotc211.geolexica.org/api/concepts#transport_network
transfer link,1619,https://isotc211.geolexica.org/api/concepts#transfer_link
access point,1618,https://isotc211.geolexica.org/api/concepts#access_point
operation (UML),1617,https://isotc211.geolexica.org/api/concepts#operation_UML
interface (UML),1616,https://isotc211.geolexica.org/api/concepts#interface_UML
instance (UML),1615,https://isotc211.geolexica.org/api/concepts#instance_UML
inheritance,1614,https://isotc211.geolexica.org/api/concepts#inheritance
inheritance (UML),1614,https://isotc211.geolexica.org/api/concepts#inheritance
generalization (UML),1613,https://isotc211.geolexica.org/api/concepts#generalization_UML
feature (UML),1612,https://isotc211.geolexica.org/api/concepts#feature_UML
classifier (UML),1611,https://isotc211.geolexica.org/api/concepts#classifier_UML
smile distortion,1610,https://isotc211.geolexica.org/api/concepts#smile_distortion
stray light,1609,https://isotc211.geolexica.org/api/concepts#stray_light
spectral responsivity,1608,https://isotc211.geolexica.org/api/concepts#spectral_responsivity
measurement accuracy,1607,https://isotc211.geolexica.org/api/concepts#measurement_accuracy
calibration validation,1605,https://isotc211.geolexica.org/api/concepts#calibration_validation
blooming,1604,https://isotc211.geolexica.org/api/concepts#blooming
accuracy of measurement,1603,https://isotc211.geolexica.org/api/concepts#accuracy_of_measurement
universal representation,1602,https://isotc211.geolexica.org/api/concepts#universal_representation
geographic context awareness,1596,https://isotc211.geolexica.org/api/concepts#geographic_context_aware
context,1595,https://isotc211.geolexica.org/api/concepts#context
unqualified cardinality (OWL),1594,https://isotc211.geolexica.org/api/concepts#unqual_cardinal_OWL
source document,1593,https://isotc211.geolexica.org/api/concepts#source_document
qualified cardinality (OWL),1592,https://isotc211.geolexica.org/api/concepts#qualified_cardinality_OWL
property restriction (OWL),1591,https://isotc211.geolexica.org/api/concepts#property_restriction_OWL
object property (OWL),1590,https://isotc211.geolexica.org/api/concepts#object_property_OWL
namespace (RDF),1589,https://isotc211.geolexica.org/api/concepts#namespace_RDF
namespace (general),1588,https://isotc211.geolexica.org/api/concepts#namespace_general
localName,1587,https://isotc211.geolexica.org/api/concepts#localName
individual,1585,https://isotc211.geolexica.org/api/concepts#individual
datatype (OWL),1584,https://isotc211.geolexica.org/api/concepts#datatype_OWL
data property (OWL),1583,https://isotc211.geolexica.org/api/concepts#data_property_OWL
class (OWL),1582,https://isotc211.geolexica.org/api/concepts#class_OWL
annotation property (OWL),1581,https://isotc211.geolexica.org/api/concepts#annotation_property_OWL
annotation (OWL),1580,https://isotc211.geolexica.org/api/concepts#annotation_OWL
quality assurance level,1579,https://isotc211.geolexica.org/api/concepts#quality_assurance_level
quality assessment result,1578,https://isotc211.geolexica.org/api/concepts#quality_assessment_result
quality assessment procedure,1577,https://isotc211.geolexica.org/api/concepts#quality_assessment_procedure
supersession (register),1576,https://isotc211.geolexica.org/api/concepts#supersession_register
utility network,1575,https://isotc211.geolexica.org/api/concepts#utility_network
source,1574,https://isotc211.geolexica.org/api/concepts#source
restriction,1573,https://isotc211.geolexica.org/api/concepts#restriction
level,1572,https://isotc211.geolexica.org/api/concepts#level
group party,1571,https://isotc211.geolexica.org/api/concepts#group_party
basic administrative unit,1570,https://isotc211.geolexica.org/api/concepts#basic_admin_unit
Sound Navigation And Ranging,1569,https://isotc211.geolexica.org/api/concepts#Sound_Nav_Ranging
settlement,1568,https://isotc211.geolexica.org/api/concepts#settlement
receiver,1567,https://isotc211.geolexica.org/api/concepts#receiver
range (SAR),1566,https://isotc211.geolexica.org/api/concepts#range_SAR
pulse repetition frequency,1565,https://isotc211.geolexica.org/api/concepts#pulse_repetition_frequency
multiple returns,1564,https://isotc211.geolexica.org/api/concepts#multiple_returns
multibeam SONAR,1563,https://isotc211.geolexica.org/api/concepts#multibeam_SONAR
mean sea level,1562,https://isotc211.geolexica.org/api/concepts#mean_sea_level
field of regard,1560,https://isotc211.geolexica.org/api/concepts#field_regard
Differential Global Navigational Satellite System,1559,https://isotc211.geolexica.org/api/concepts#Diff_Glob_Nav_Sat_Sys
parent addressable object,1558,https://isotc211.geolexica.org/api/concepts#parent_address_object
parent address,1557,https://isotc211.geolexica.org/api/concepts#parent_address
address component,1553,https://isotc211.geolexica.org/api/concepts#address_component
knowledge,1548,https://isotc211.geolexica.org/api/concepts#knowledge
framework,1547,https://isotc211.geolexica.org/api/concepts#framework
facility,1515,https://isotc211.geolexica.org/api/concepts#facility
deviation,1514,https://isotc211.geolexica.org/api/concepts#deviation
compound symbol,1513,https://isotc211.geolexica.org/api/concepts#compound_symbol
complex symbol,1512,https://isotc211.geolexica.org/api/concepts#complex_symbol
transport service,1510,https://isotc211.geolexica.org/api/concepts#transport_service
trip,1502,https://isotc211.geolexica.org/api/concepts#trip
journey segment,1493,https://isotc211.geolexica.org/api/concepts#journey_segment
journey,1492,https://isotc211.geolexica.org/api/concepts#journey
accessibility information,1489,https://isotc211.geolexica.org/api/concepts#accessibility_information
accessibility,1488,https://isotc211.geolexica.org/api/concepts#accessibility
vicarious calibration,1487,https://isotc211.geolexica.org/api/concepts#vicarious_calibration
verification,1486,https://isotc211.geolexica.org/api/concepts#verification
traceability chain,1483,https://isotc211.geolexica.org/api/concepts#traceability_chain
standardization,1481,https://isotc211.geolexica.org/api/concepts#standardization
reference standard,1475,https://isotc211.geolexica.org/api/concepts#reference_standard
quantity,1474,https://isotc211.geolexica.org/api/concepts#quantity
point-spread function,1472,https://isotc211.geolexica.org/api/concepts#point_spread_function
pixel response non-uniformity,1471,https://isotc211.geolexica.org/api/concepts#pixel_resp_non_uniform
noise,1470,https://isotc211.geolexica.org/api/concepts#noise
metrological traceability chain,1468,https://isotc211.geolexica.org/api/concepts#metrological_traceability_chain
measurement precision,1465,https://isotc211.geolexica.org/api/concepts#measurement_precision
measurement error,1463,https://isotc211.geolexica.org/api/concepts#measurement_error
keystone effect,1461,https://isotc211.geolexica.org/api/concepts#keystone_effect
irradiance,1460,https://isotc211.geolexica.org/api/concepts#irradiance
in situ measurement,1458,https://isotc211.geolexica.org/api/concepts#in_situ_measurement
error of measurement,1456,https://isotc211.geolexica.org/api/concepts#error_of_measurement
error,1455,https://isotc211.geolexica.org/api/concepts#error_meas
dark signal non uniformity,1452,https://isotc211.geolexica.org/api/concepts#dark_signal_non_uniformity
dark current noise,1451,https://isotc211.geolexica.org/api/concepts#dark_current_noise
dark current,1450,https://isotc211.geolexica.org/api/concepts#dark_current
correction,1449,https://isotc211.geolexica.org/api/concepts#correction
calibration curve,1448,https://isotc211.geolexica.org/api/concepts#calibration_curve
sampling feature,1443,https://isotc211.geolexica.org/api/concepts#sampling_feature
observation,1442,https://isotc211.geolexica.org/api/concepts#observation
ex-situ,1441,https://isotc211.geolexica.org/api/concepts#ex_situ
physiognomy,1440,https://isotc211.geolexica.org/api/concepts#physiognomy
provenance,1439,https://isotc211.geolexica.org/api/concepts#provenance
World Wide Web,1435,https://isotc211.geolexica.org/api/concepts#World_Wide_Web
Web service,1434,https://isotc211.geolexica.org/api/concepts#Web_service
Web,1433,https://isotc211.geolexica.org/api/concepts#Web
reference model,1432,https://isotc211.geolexica.org/api/concepts#reference_model
feature instance,1431,https://isotc211.geolexica.org/api/concepts#feature_instance
e-government,1430,https://isotc211.geolexica.org/api/concepts#e_government
video phase history data,1429,https://isotc211.geolexica.org/api/concepts#video_phase_history_data
velocity vector (Radar),1428,https://isotc211.geolexica.org/api/concepts#velocity_vector_Radar
topographic LIDAR,1427,https://isotc211.geolexica.org/api/concepts#topographic_LIDAR
transmitter,1426,https://isotc211.geolexica.org/api/concepts#transmitter
transducer,1425,https://isotc211.geolexica.org/api/concepts#transducer
swipe,1424,https://isotc211.geolexica.org/api/concepts#swipe
sweep SONAR,1423,https://isotc211.geolexica.org/api/concepts#sweep_SONAR
swath (LIDAR),1422,https://isotc211.geolexica.org/api/concepts#swath_LIDAR
stare,1421,https://isotc211.geolexica.org/api/concepts#stare
squat,1420,https://isotc211.geolexica.org/api/concepts#squat
SONAR processing system,1419,https://isotc211.geolexica.org/api/concepts#SONAR_processing_system
single beam SONAR,1417,https://isotc211.geolexica.org/api/concepts#single_beam_SONAR
sidescan SONAR,1416,https://isotc211.geolexica.org/api/concepts#sidescan_SONAR
scan,1414,https://isotc211.geolexica.org/api/concepts#scan
return (LIDAR),1413,https://isotc211.geolexica.org/api/concepts#return_LIDAR
resolution (of imagery),1412,https://isotc211.geolexica.org/api/concepts#resolution_imagery
point cloud,1408,https://isotc211.geolexica.org/api/concepts#point_cloud
platform down direction,1407,https://isotc211.geolexica.org/api/concepts#platform_down_direction
phase history data,1406,https://isotc211.geolexica.org/api/concepts#phase_history_data
passive SONAR,1405,https://isotc211.geolexica.org/api/concepts#passive_SONAR
look angle,1402,https://isotc211.geolexica.org/api/concepts#look_angle
linear mode,1401,https://isotc211.geolexica.org/api/concepts#linear_mode
light detection and ranging,1400,https://isotc211.geolexica.org/api/concepts#light_detection_ranging
last return,1399,https://isotc211.geolexica.org/api/concepts#last_return
intensity,1397,https://isotc211.geolexica.org/api/concepts#intensity
instantaneous field of view,1396,https://isotc211.geolexica.org/api/concepts#instantaneous_field_view
image coordinates,1395,https://isotc211.geolexica.org/api/concepts#image_coordinates
hydrographic swath (SONAR),1394,https://isotc211.geolexica.org/api/concepts#hydrographic_swath_SONAR
heave,1393,https://isotc211.geolexica.org/api/concepts#heave
hydrophone (SONAR),1392,https://isotc211.geolexica.org/api/concepts#hydrophone_SONAR
geiger mode,1391,https://isotc211.geolexica.org/api/concepts#geiger_mode
frame (LIDAR),1390,https://isotc211.geolexica.org/api/concepts#frame_LIDAR
first return,1389,https://isotc211.geolexica.org/api/concepts#first_return
field of view,1388,https://isotc211.geolexica.org/api/concepts#field_of_view
draught,1386,https://isotc211.geolexica.org/api/concepts#draught
depression angle,1384,https://isotc211.geolexica.org/api/concepts#depression_angle
complex image,1383,https://isotc211.geolexica.org/api/concepts#complex_image
area recording,1380,https://isotc211.geolexica.org/api/concepts#area_recording
active sonar,1379,https://isotc211.geolexica.org/api/concepts#active_sonar
active sensor,1378,https://isotc211.geolexica.org/api/concepts#active_sensor
document (XML),1377,https://isotc211.geolexica.org/api/concepts#document_XML
grid coordinate reference system,1376,https://isotc211.geolexica.org/api/concepts#grid_coord_ref_system
quality control,1372,https://isotc211.geolexica.org/api/concepts#quality_control
quality assurance,1371,https://isotc211.geolexica.org/api/concepts#quality_assurance
standalone quality report,1367,https://isotc211.geolexica.org/api/concepts#standalone_quality_report
conformance quality level,1366,https://isotc211.geolexica.org/api/concepts#conformance_quality_level
Linear Referencing Method,1365,https://isotc211.geolexica.org/api/concepts#Linear_Referencing_Method
spatial unit,1363,https://isotc211.geolexica.org/api/concepts#spatial_unit
required relationship,1362,https://isotc211.geolexica.org/api/concepts#required_relationship
land,1360,https://isotc211.geolexica.org/api/concepts#land
boundary face,1359,https://isotc211.geolexica.org/api/concepts#boundary_face
resource,1358,https://isotc211.geolexica.org/api/concepts#resource
dataset series,1356,https://isotc211.geolexica.org/api/concepts#dataset_series
Semantic Web,1351,https://isotc211.geolexica.org/api/concepts#Semantic_Web
ontology,1346,https://isotc211.geolexica.org/api/concepts#ontology
information system,1344,https://isotc211.geolexica.org/api/concepts#information_system
resolve,1342,https://isotc211.geolexica.org/api/concepts#resolve
remote resource,1341,https://isotc211.geolexica.org/api/concepts#remote_resource
Place Identifier platform,1340,https://isotc211.geolexica.org/api/concepts#Place_Identifier_platform
Place Identifier matching,1339,https://isotc211.geolexica.org/api/concepts#Place_Identifier_matching
Place Identifier application,1338,https://isotc211.geolexica.org/api/concepts#Place_Identifier_application
Place Identifier,1337,https://isotc211.geolexica.org/api/concepts#Place_Identifier
Multipurpose Internet Mail Extensions (MIME) type,1336,https://isotc211.geolexica.org/api/concepts#MIME_type
locator attribute,1335,https://isotc211.geolexica.org/api/concepts#locator_attribute
local resource,1334,https://isotc211.geolexica.org/api/concepts#local_resource
join tuple,1333,https://isotc211.geolexica.org/api/concepts#join_tuple
supplier,1332,https://isotc211.geolexica.org/api/concepts#supplier
process,1331,https://isotc211.geolexica.org/api/concepts#process
customer,1330,https://isotc211.geolexica.org/api/concepts#customer
symbol set,1329,https://isotc211.geolexica.org/api/concepts#symbol_set
render,1328,https://isotc211.geolexica.org/api/concepts#render
portrayal rule,1327,https://isotc211.geolexica.org/api/concepts#portrayal_rule
portrayal function set,1326,https://isotc211.geolexica.org/api/concepts#portrayal_function_set
portrayal context,1325,https://isotc211.geolexica.org/api/concepts#portrayal_context
portrayal catalogue,1324,https://isotc211.geolexica.org/api/concepts#portrayal_catalogue
parameterized symbol,1323,https://isotc211.geolexica.org/api/concepts#parameterized_symbol
parameterized feature portrayal function,1322,https://isotc211.geolexica.org/api/concepts#param_feature_portrayal_function
spatial unit group,1318,https://isotc211.geolexica.org/api/concepts#spatial_unit_group
spatial source,1316,https://isotc211.geolexica.org/api/concepts#spatial_source
property type,1312,https://isotc211.geolexica.org/api/concepts#property_type
party member,1310,https://isotc211.geolexica.org/api/concepts#party_member
computational viewpoint,1309,https://isotc211.geolexica.org/api/concepts#computational_viewpoint
observation result,1308,https://isotc211.geolexica.org/api/concepts#observation_result
observation protocol,1306,https://isotc211.geolexica.org/api/concepts#observation_protocol
observation procedure,1305,https://isotc211.geolexica.org/api/concepts#observation_procedure
metaquality,1303,https://isotc211.geolexica.org/api/concepts#metaquality
liminal spatial unit,1302,https://isotc211.geolexica.org/api/concepts#liminal_spatial_unit
land cover metalanguage,1301,https://isotc211.geolexica.org/api/concepts#land_cover_metalanguage
land administration,1300,https://isotc211.geolexica.org/api/concepts#land_administration
join predicate,1299,https://isotc211.geolexica.org/api/concepts#join_predicate
item,1298,https://isotc211.geolexica.org/api/concepts#item
feature type,1296,https://isotc211.geolexica.org/api/concepts#feature_type
converter,1293,https://isotc211.geolexica.org/api/concepts#converter
catalogue,1291,https://isotc211.geolexica.org/api/concepts#catalogue
building unit,1290,https://isotc211.geolexica.org/api/concepts#building_unit
boundary face string,1289,https://isotc211.geolexica.org/api/concepts#boundary_face_string
administrative source,1286,https://isotc211.geolexica.org/api/concepts#administrative_source
place,1280,https://isotc211.geolexica.org/api/concepts#place
cross-mapping,1279,https://isotc211.geolexica.org/api/concepts#cross_mapping
error propagation,1278,https://isotc211.geolexica.org/api/concepts#error_propagation
symbol reference,1276,https://isotc211.geolexica.org/api/concepts#symbol_reference
symbol definition,1275,https://isotc211.geolexica.org/api/concepts#symbol_definition
symbol component,1274,https://isotc211.geolexica.org/api/concepts#symbol_component
symbol,1273,https://isotc211.geolexica.org/api/concepts#symbol
simple symbol,1272,https://isotc211.geolexica.org/api/concepts#simple_symbol
portrayal function,1269,https://isotc211.geolexica.org/api/concepts#portrayal_func
feature portrayal function,1264,https://isotc211.geolexica.org/api/concepts#feature_portrayal_func
conditional feature portrayal function,1263,https://isotc211.geolexica.org/api/concepts#cond_feature_portrayal_func
trust,1258,https://isotc211.geolexica.org/api/concepts#trust
transaction,1257,https://isotc211.geolexica.org/api/concepts#transaction
sufficient,1256,https://isotc211.geolexica.org/api/concepts#sufficient
sublicensee,1255,https://isotc211.geolexica.org/api/concepts#sublicensee
sublicence,1254,https://isotc211.geolexica.org/api/concepts#sublicence
risk,1253,https://isotc211.geolexica.org/api/concepts#risk
rights management (GeoDRM),1252,https://isotc211.geolexica.org/api/concepts#rights_management_GeoDRM
rights holder,1251,https://isotc211.geolexica.org/api/concepts#rights_holder
right (GeoDRM),1250,https://isotc211.geolexica.org/api/concepts#right_GeoDRM
remediation,1249,https://isotc211.geolexica.org/api/concepts#remediation
resource (GeoDRM),1248,https://isotc211.geolexica.org/api/concepts#resource_GeoDRM
provenance,1247,https://isotc211.geolexica.org/api/concepts#provenance
protection,1246,https://isotc211.geolexica.org/api/concepts#protection
principal,1245,https://isotc211.geolexica.org/api/concepts#principal
persistent protection mechanism,1244,https://isotc211.geolexica.org/api/concepts#persistent_protection_mechanism
payment provider,1243,https://isotc211.geolexica.org/api/concepts#payment_provider
party,1242,https://isotc211.geolexica.org/api/concepts#party
owner,1241,https://isotc211.geolexica.org/api/concepts#owner
necessary,1240,https://isotc211.geolexica.org/api/concepts#necessary
licensor,1237,https://isotc211.geolexica.org/api/concepts#licensor
licensing agent,1236,https://isotc211.geolexica.org/api/concepts#licensing_agent
licensee,1235,https://isotc211.geolexica.org/api/concepts#licensee
licence manager,1234,https://isotc211.geolexica.org/api/concepts#licence_manager
licence extents,1233,https://isotc211.geolexica.org/api/concepts#licence_extents
licence,1232,https://isotc211.geolexica.org/api/concepts#licence
lend,1231,https://isotc211.geolexica.org/api/concepts#lend
lease,1230,https://isotc211.geolexica.org/api/concepts#lease
joint ownership,1229,https://isotc211.geolexica.org/api/concepts#joint_ownership
infringement (of a right),1228,https://isotc211.geolexica.org/api/concepts#infringement_right
infringement (of a licence),1227,https://isotc211.geolexica.org/api/concepts#infringement_licence
GeoLicence infringement,1226,https://isotc211.geolexica.org/api/concepts#GeoLicence_infringement
GeoLicence resolution,1225,https://isotc211.geolexica.org/api/concepts#GeoLicence_resolution
GeoLicence,1224,https://isotc211.geolexica.org/api/concepts#GeoLicence
GeoDRM extended (applied to resources),1223,https://isotc211.geolexica.org/api/concepts#GeoDRM_extended
GeoDRM enabled,1222,https://isotc211.geolexica.org/api/concepts#GeoDRM_enabled
general public licence,1221,https://isotc211.geolexica.org/api/concepts#general_public_licence
fair use,1220,https://isotc211.geolexica.org/api/concepts#fair_use
expected risk,1219,https://isotc211.geolexica.org/api/concepts#expected_risk
digital rights management,1218,https://isotc211.geolexica.org/api/concepts#digital_rights_management
digital licence,1217,https://isotc211.geolexica.org/api/concepts#digital_licence
copyleft,1216,https://isotc211.geolexica.org/api/concepts#copyleft
contract,1215,https://isotc211.geolexica.org/api/concepts#contract
chain of licence,1214,https://isotc211.geolexica.org/api/concepts#chain_licence
chain of agency,1213,https://isotc211.geolexica.org/api/concepts#chain_agency
bypass,1212,https://isotc211.geolexica.org/api/concepts#bypass
authorization,1211,https://isotc211.geolexica.org/api/concepts#authorization
authentication,1210,https://isotc211.geolexica.org/api/concepts#authentication
agent,1208,https://isotc211.geolexica.org/api/concepts#agent
agency,1207,https://isotc211.geolexica.org/api/concepts#agency
access control,1206,https://isotc211.geolexica.org/api/concepts#access_control
responsibility,1197,https://isotc211.geolexica.org/api/concepts#responsibility
spatial position,1178,https://isotc211.geolexica.org/api/concepts#spatial_position
locating feature,1177,https://isotc211.geolexica.org/api/concepts#locating_feature
located feature,1176,https://isotc211.geolexica.org/api/concepts#located_feature
linearly referenced location,1175,https://isotc211.geolexica.org/api/concepts#linearly_referenced_location
linearly located event,1174,https://isotc211.geolexica.org/api/concepts#linearly_located_event
linear segment,1173,https://isotc211.geolexica.org/api/concepts#linear_segment
linear referencing,1172,https://isotc211.geolexica.org/api/concepts#linear_referencing
feature event,1171,https://isotc211.geolexica.org/api/concepts#feature_event
attributed feature,1170,https://isotc211.geolexica.org/api/concepts#attributed_event
attribute event,1169,https://isotc211.geolexica.org/api/concepts#attribute_event
static conversion,1168,https://isotc211.geolexica.org/api/concepts#static_conversion
geographic point location representation,1167,https://isotc211.geolexica.org/api/concepts#geo_point_location_represent
geographic point location,1166,https://isotc211.geolexica.org/api/concepts#geographic_point_location
format,1165,https://isotc211.geolexica.org/api/concepts#format
dynamic conversion,1164,https://isotc211.geolexica.org/api/concepts#dynamic_conversion
conversion service,1162,https://isotc211.geolexica.org/api/concepts#conversion_service
conversion,1161,https://isotc211.geolexica.org/api/concepts#conversion
compression service,1160,https://isotc211.geolexica.org/api/concepts#compression_service
compression,1159,https://isotc211.geolexica.org/api/concepts#compression
tagged value (UML),1158,https://isotc211.geolexica.org/api/concepts#tagged_value_UML
stereotype (UML),1157,https://isotc211.geolexica.org/api/concepts#stereotype_UML
realization (UML),1156,https://isotc211.geolexica.org/api/concepts#realization_UML
profile (UML),1155,https://isotc211.geolexica.org/api/concepts#profile_UML
dependency (UML),1153,https://isotc211.geolexica.org/api/concepts#dependency_UML
constraint (UML),1147,https://isotc211.geolexica.org/api/concepts#constraint_UML
composition (UML),1146,https://isotc211.geolexica.org/api/concepts#composition_UML
component (UML),1145,https://isotc211.geolexica.org/api/concepts#component_UML
association (UML),1144,https://isotc211.geolexica.org/api/concepts#association_UML
whiskbroom sensor,1126,https://isotc211.geolexica.org/api/concepts#whiskbroom_sensor
stripmap mode (SAR),1125,https://isotc211.geolexica.org/api/concepts#stripmap_mode_SAR
Synthetic Aperture Radar,1124,https://isotc211.geolexica.org/api/concepts#Synthetic_Aperture_Radar
gyroscope,1123,https://isotc211.geolexica.org/api/concepts#gyroscope
gimbal,1122,https://isotc211.geolexica.org/api/concepts#gimbal
external coordinate reference system,1121,https://isotc211.geolexica.org/api/concepts#external_coord_ref_system
detector,1119,https://isotc211.geolexica.org/api/concepts#detector
data compression,1118,https://isotc211.geolexica.org/api/concepts#data_compression
template (UML),1114,https://isotc211.geolexica.org/api/concepts#template_UML
sub-process,1111,https://isotc211.geolexica.org/api/concepts#sub_process
sensor,1108,https://isotc211.geolexica.org/api/concepts#sensor
quality,1102,https://isotc211.geolexica.org/api/concepts#quality
product,1097,https://isotc211.geolexica.org/api/concepts#product
linearly located,1081,https://isotc211.geolexica.org/api/concepts#linearly_located
Linear Referencing System,1079,https://isotc211.geolexica.org/api/concepts#Linear_Referencing_System
linear element,1073,https://isotc211.geolexica.org/api/concepts#linear_element
grid coordinate system,1069,https://isotc211.geolexica.org/api/concepts#grid_coord_system
domain feature,1063,https://isotc211.geolexica.org/api/concepts#domain_feature
response model,1042,https://isotc211.geolexica.org/api/concepts#response_model
relocate (reference),1036,https://isotc211.geolexica.org/api/concepts#relocate_reference
literal value,1029,https://isotc211.geolexica.org/api/concepts#literal_value
land use,1028,https://isotc211.geolexica.org/api/concepts#land_use
identification convention,1022,https://isotc211.geolexica.org/api/concepts#identification_convention
filter expression processor,1021,https://isotc211.geolexica.org/api/concepts#filter_expression_processor
filter expression,1020,https://isotc211.geolexica.org/api/concepts#filter_expression
filter capabilities XML,1019,https://isotc211.geolexica.org/api/concepts#filter_capabilities_XML
feature identifier,1018,https://isotc211.geolexica.org/api/concepts#feature_identifier
accuracy,1014,https://isotc211.geolexica.org/api/concepts#accuracy
sensor model (geopositioning),1013,https://isotc211.geolexica.org/api/concepts#sensor_model_geopositioning
ScanSAR mode,1012,https://isotc211.geolexica.org/api/concepts#ScanSAR_mode
range vector,1011,https://isotc211.geolexica.org/api/concepts#range_vector
range resolution,1010,https://isotc211.geolexica.org/api/concepts#range_resolution
range direction (SAR),1009,https://isotc211.geolexica.org/api/concepts#range_direction_SAR
projection centre,1008,https://isotc211.geolexica.org/api/concepts#projection_centre
principal point of autocollimation,1007,https://isotc211.geolexica.org/api/concepts#principal_point_autocol
platform coordinate reference system,1006,https://isotc211.geolexica.org/api/concepts#platform_coord_ref_system
passive sensor,1005,https://isotc211.geolexica.org/api/concepts#passive_sensor
internal coordinate reference system,1004,https://isotc211.geolexica.org/api/concepts#internal_coord_ref_system
impulse response,1003,https://isotc211.geolexica.org/api/concepts#impulse_response
image distortion,1002,https://isotc211.geolexica.org/api/concepts#image_distortion
ground sampling distance,1000,https://isotc211.geolexica.org/api/concepts#ground_sampling_distance
ground reference point,999,https://isotc211.geolexica.org/api/concepts#ground_ref_point
geopositioning,996,https://isotc211.geolexica.org/api/concepts#geopositioning
geolocating,995,https://isotc211.geolexica.org/api/concepts#geolocating
fiducial mark,994,https://isotc211.geolexica.org/api/concepts#fiducial_mark
Doppler shift,991,https://isotc211.geolexica.org/api/concepts#Doppler_shift
Doppler angle (SAR),990,https://isotc211.geolexica.org/api/concepts#Doppler_angle_SAR
broadside (SAR),988,https://isotc211.geolexica.org/api/concepts#broadside_SAR
along-track,986,https://isotc211.geolexica.org/api/concepts#along_track
active sensing system,985,https://isotc211.geolexica.org/api/concepts#active_sensing_system
ground control point,983,https://isotc211.geolexica.org/api/concepts#ground_control_point
georectified,982,https://isotc211.geolexica.org/api/concepts#georectified
True Replacement Model,978,https://isotc211.geolexica.org/api/concepts#True_Replacement_Model
squint angle (SAR),975,https://isotc211.geolexica.org/api/concepts#squint_angle_SAR
spotlight mode (SAR),974,https://isotc211.geolexica.org/api/concepts#spotlight_mode_SAR
slant range direction (SAR),973,https://isotc211.geolexica.org/api/concepts#slant_range_direction_SAR
slant plane (SAR),971,https://isotc211.geolexica.org/api/concepts#slant_plane_SAR
scan mode,968,https://isotc211.geolexica.org/api/concepts#scan_mode
range bin (SAR),965,https://isotc211.geolexica.org/api/concepts#range_bin_SAR
pushbroom sensor,963,https://isotc211.geolexica.org/api/concepts#pushbroom_sensor
Physical Sensor Model,960,https://isotc211.geolexica.org/api/concepts#Physical_Sensor_Model
perspective centre,958,https://isotc211.geolexica.org/api/concepts#perspective_centre
layover,955,https://isotc211.geolexica.org/api/concepts#layover
incident angle,954,https://isotc211.geolexica.org/api/concepts#incident_angle
image plane,953,https://isotc211.geolexica.org/api/concepts#image_plane
image-identifiable ground control point,952,https://isotc211.geolexica.org/api/concepts#image_id_grnd_ctrl_point
image formation (SAR),951,https://isotc211.geolexica.org/api/concepts#image_formation_SAR
ground range (SAR),947,https://isotc211.geolexica.org/api/concepts#ground_range_SAR
grazing angle (SAR),945,https://isotc211.geolexica.org/api/concepts#grazing_angle_SAR
georeferencing,944,https://isotc211.geolexica.org/api/concepts#georeferencing
geolocation information,942,https://isotc211.geolexica.org/api/concepts#geolocation_information
frame sensor,939,https://isotc211.geolexica.org/api/concepts#frame_sensor
fiducial centre,937,https://isotc211.geolexica.org/api/concepts#fiducial_centre
cross-track,933,https://isotc211.geolexica.org/api/concepts#cross_track
Correspondence Model,932,https://isotc211.geolexica.org/api/concepts#Correspondence_Model
calibrated focal length,930,https://isotc211.geolexica.org/api/concepts#calibrated_focal_length
beam width (SAR),928,https://isotc211.geolexica.org/api/concepts#beam_width_SAR
azimuth resolution (SAR),927,https://isotc211.geolexica.org/api/concepts#azimuth_resolution_SAR
aperture reference point,925,https://isotc211.geolexica.org/api/concepts#aperture_reference_point
adjustable model parameters,922,https://isotc211.geolexica.org/api/concepts#adjustable_model_parameters
UML template,919,https://isotc211.geolexica.org/api/concepts#UML_template
matrix,918,https://isotc211.geolexica.org/api/concepts#matrix
data compaction,916,https://isotc211.geolexica.org/api/concepts#data_compaction
feature relationship,915,https://isotc211.geolexica.org/api/concepts#feature_relationship
feature inheritance,914,https://isotc211.geolexica.org/api/concepts#feature_inheritance
terminology repository,913,https://isotc211.geolexica.org/api/concepts#terminology_repository
terminological record identifier,912,https://isotc211.geolexica.org/api/concepts#term_record_identifier
language,911,https://isotc211.geolexica.org/api/concepts#language
extension,910,https://isotc211.geolexica.org/api/concepts#extension
designator,909,https://isotc211.geolexica.org/api/concepts#designator
designation,908,https://isotc211.geolexica.org/api/concepts#designation
concept harmonization,907,https://isotc211.geolexica.org/api/concepts#concept_harmonization
GML application schema,906,https://isotc211.geolexica.org/api/concepts#sexagesimal_degree
sexagesimal degree,906,https://isotc211.geolexica.org/api/concepts#sexagesimal_degree
GML application schema,905,https://isotc211.geolexica.org/api/concepts#sexagesimal_degree
sexagesimal degree,905,https://isotc211.geolexica.org/api/concepts#sexagesimal_degree
resolution (coordinate),904,https://isotc211.geolexica.org/api/concepts#resolution_coordinate
vocabulary,903,https://isotc211.geolexica.org/api/concepts#vocabulary
terminological entry,902,https://isotc211.geolexica.org/api/concepts#terminological_entry
terminological data,901,https://isotc211.geolexica.org/api/concepts#terminological_dictionary
terminological data,900,https://isotc211.geolexica.org/api/concepts#terminological_data
technical dictionary,898,https://isotc211.geolexica.org/api/concepts#technical_dictionary
system of concepts,897,https://isotc211.geolexica.org/api/concepts#system_concepts
synonymy,896,https://isotc211.geolexica.org/api/concepts#synonymy
subordinate concept,895,https://isotc211.geolexica.org/api/concepts#subordinate_concept
superordinate concept,894,https://isotc211.geolexica.org/api/concepts#superordinate_concept
polysemy,893,https://isotc211.geolexica.org/api/concepts#polysemy
part-whole relation,892,https://isotc211.geolexica.org/api/concepts#part_whole_relation
partitive relation,891,https://isotc211.geolexica.org/api/concepts#partitive_relation
narrower concept,890,https://isotc211.geolexica.org/api/concepts#narrower_concept
monosemy,889,https://isotc211.geolexica.org/api/concepts#monosemy
intension,888,https://isotc211.geolexica.org/api/concepts#intension
homonymy,887,https://isotc211.geolexica.org/api/concepts#homonymy
genus-species relation,886,https://isotc211.geolexica.org/api/concepts#genus_species_relation
generic relation,885,https://isotc211.geolexica.org/api/concepts#generic_relation
generic concept system,884,https://isotc211.geolexica.org/api/concepts#generic_concept_system
generic concept,883,https://isotc211.geolexica.org/api/concepts#generic_concept
general concept,882,https://isotc211.geolexica.org/api/concepts#general_concept
essential characteristic,881,https://isotc211.geolexica.org/api/concepts#essential_characteristic
domain concept,880,https://isotc211.geolexica.org/api/concepts#domain_concept
domain (general vocabulary),879,https://isotc211.geolexica.org/api/concepts#domain_general_vocab
delimiting characteristic,876,https://isotc211.geolexica.org/api/concepts#delimiting_characteristic
characteristic,875,https://isotc211.geolexica.org/api/concepts#characteristic
broader concept,874,https://isotc211.geolexica.org/api/concepts#broader_concept
associative concept system,873,https://isotc211.geolexica.org/api/concepts#assoc_concept_system
validation,871,https://isotc211.geolexica.org/api/concepts#validation
radiance,868,https://isotc211.geolexica.org/api/concepts#radiance
policy,867,https://isotc211.geolexica.org/api/concepts#policy
picture portrayal,866,https://isotc211.geolexica.org/api/concepts#picture_portrayal
picture original,865,https://isotc211.geolexica.org/api/concepts#picture_original
pass,864,https://isotc211.geolexica.org/api/concepts#pass
nominal value,863,https://isotc211.geolexica.org/api/concepts#nominal_value
measurable quantity,862,https://isotc211.geolexica.org/api/concepts#measurable_quantity
legend class,861,https://isotc211.geolexica.org/api/concepts#legend_class
imagery,860,https://isotc211.geolexica.org/api/concepts#imagery
hierarchical register,859,https://isotc211.geolexica.org/api/concepts#hierarchical_register
feature operation concept,857,https://isotc211.geolexica.org/api/concepts#feature_operation_concept
feature concept dictionary,856,https://isotc211.geolexica.org/api/concepts#feature_concept_dictionary
feature concept,855,https://isotc211.geolexica.org/api/concepts#feature_concept
feature catalogue,854,https://isotc211.geolexica.org/api/concepts#feature_catalogue
feature attribute concept,853,https://isotc211.geolexica.org/api/concepts#feature_attribute_concept
feature association concept,852,https://isotc211.geolexica.org/api/concepts#feature_association_concept
compound registry,851,https://isotc211.geolexica.org/api/concepts#compound_registry
classifier,850,https://isotc211.geolexica.org/api/concepts#classifier
classified object,849,https://isotc211.geolexica.org/api/concepts#classified_object
classification,848,https://isotc211.geolexica.org/api/concepts#classification
calibration,847,https://isotc211.geolexica.org/api/concepts#calibration
band,846,https://isotc211.geolexica.org/api/concepts#band
spatio-parametric-temporal coordinate system,845,https://isotc211.geolexica.org/api/concepts#spatio_param_temp_coord_system
spatio-parametric coordinate system,844,https://isotc211.geolexica.org/api/concepts#spatio_param_coord_system
parametric datum,843,https://isotc211.geolexica.org/api/concepts#parametric_datum
parametric coordinate reference system,842,https://isotc211.geolexica.org/api/concepts#parametric_coord_ref_system
parametric coordinate system,841,https://isotc211.geolexica.org/api/concepts#parametric_coord_system
polymorphism,840,https://isotc211.geolexica.org/api/concepts#polymorphism
realization,839,https://isotc211.geolexica.org/api/concepts#realization
namespace,838,https://isotc211.geolexica.org/api/concepts#namespace
spectral resolution,835,https://isotc211.geolexica.org/api/concepts#spectral_resolution
polarization,832,https://isotc211.geolexica.org/api/concepts#polarization
platform,831,https://isotc211.geolexica.org/api/concepts#platform
GML schema,826,https://isotc211.geolexica.org/api/concepts#GML_schema
GML profile,825,https://isotc211.geolexica.org/api/concepts#GML_profile
GML document,824,https://isotc211.geolexica.org/api/concepts#GML_document
land cover,819,https://isotc211.geolexica.org/api/concepts#land_cover
a priori classification,816,https://isotc211.geolexica.org/api/concepts#a_priori_classification
a posteriori classification,815,https://isotc211.geolexica.org/api/concepts#a_posteriori_classification
legend,813,https://isotc211.geolexica.org/api/concepts#legend
classification system,810,https://isotc211.geolexica.org/api/concepts#classification_system
property,809,https://isotc211.geolexica.org/api/concepts#property
predicate expression,808,https://isotc211.geolexica.org/api/concepts#predicate_expression
predicate,807,https://isotc211.geolexica.org/api/concepts#predicate
identifier,801,https://isotc211.geolexica.org/api/concepts#identifier
transfer unit,800,https://isotc211.geolexica.org/api/concepts#transfer_unit
orthoimage,795,https://isotc211.geolexica.org/api/concepts#orthoimage
metric traceability,794,https://isotc211.geolexica.org/api/concepts#metric_traceability
geographic imagery scene,793,https://isotc211.geolexica.org/api/concepts#geographic_imagery_scene
geographic imagery,792,https://isotc211.geolexica.org/api/concepts#geographic_imagery
digital number,790,https://isotc211.geolexica.org/api/concepts#digital_number
digital elevation model,789,https://isotc211.geolexica.org/api/concepts#digital_elevation_model
traversal (XML),785,https://isotc211.geolexica.org/api/concepts#traversalXML
feature reference,774,https://isotc211.geolexica.org/api/concepts#feature_reference
projected coordinate reference system,765,https://isotc211.geolexica.org/api/concepts#projected_coord_ref_system
geoid,764,https://isotc211.geolexica.org/api/concepts#geoid
coordinate transformation,763,https://isotc211.geolexica.org/api/concepts#coordinate_transformation
coordinate conversion,762,https://isotc211.geolexica.org/api/concepts#coordinate_conversion
geometry value pair,758,https://isotc211.geolexica.org/api/concepts#geometry_value_pair
geometry value object,757,https://isotc211.geolexica.org/api/concepts#geometry_value_object
graph,756,https://isotc211.geolexica.org/api/concepts#graph
graphical language,755,https://isotc211.geolexica.org/api/concepts#graphical_language
design coordinate reference system,754,https://isotc211.geolexica.org/api/concepts#design_coord_ref_system
version (temporal),746,https://isotc211.geolexica.org/api/concepts#version_temporal
vehicle,745,https://isotc211.geolexica.org/api/concepts#vehicle
traveller,744,https://isotc211.geolexica.org/api/concepts#traveller
navigation constraint,740,https://isotc211.geolexica.org/api/concepts#navigation_constraint
error,738,https://isotc211.geolexica.org/api/concepts#error
correctness,736,https://isotc211.geolexica.org/api/concepts#correctness
coordinate tuple,735,https://isotc211.geolexica.org/api/concepts#coordinate_tuple
constraint,734,https://isotc211.geolexica.org/api/concepts#constraint
altitude,733,https://isotc211.geolexica.org/api/concepts#altitude
coordinate set,729,https://isotc211.geolexica.org/api/concepts#coordinate_set
type (UML),728,https://isotc211.geolexica.org/api/concepts#typeUML
instance (UML),727,https://isotc211.geolexica.org/api/concepts#instanceUML
generalization (UML),726,https://isotc211.geolexica.org/api/concepts#generalizationUML
composition (UML),725,https://isotc211.geolexica.org/api/concepts#compositionUML
component (UML),724,https://isotc211.geolexica.org/api/concepts#componentUML
sensor model,720,https://isotc211.geolexica.org/api/concepts#sensor_model
base representation (moving features),717,https://isotc211.geolexica.org/api/concepts#base_rep_moving_features
vertical coordinate system,716,https://isotc211.geolexica.org/api/concepts#vertical_coord_system
vertical coordinate reference system,715,https://isotc211.geolexica.org/api/concepts#vertical_coord_ref_system
spherical coordinate system,713,https://isotc211.geolexica.org/api/concepts#spherical_coord_system
meridian,711,https://isotc211.geolexica.org/api/concepts#meridian
image datum,710,https://isotc211.geolexica.org/api/concepts#image_datum
image coordinate reference system,709,https://isotc211.geolexica.org/api/concepts#image_coord_ref_system
geodetic datum,708,https://isotc211.geolexica.org/api/concepts#geodetic_datum
geodetic coordinate reference system,707,https://isotc211.geolexica.org/api/concepts#geodetic_coord_ref_system
engineering coordinate reference system,706,https://isotc211.geolexica.org/api/concepts#engin_coord_ref_system
datum,704,https://isotc211.geolexica.org/api/concepts#datum
coordinate reference system,703,https://isotc211.geolexica.org/api/concepts#coord_ref_system
compound coordinate reference system,702,https://isotc211.geolexica.org/api/concepts#compound_coord_ref_system
UML application schema,699,https://isotc211.geolexica.org/api/concepts#UML_application_schema
schema (XML Schema),698,https://isotc211.geolexica.org/api/concepts#schema_XML_Schema
schema document (XML Schema),697,https://isotc211.geolexica.org/api/concepts#schema_document_XML_Schema
range,696,https://isotc211.geolexica.org/api/concepts#range
polygon,695,https://isotc211.geolexica.org/api/concepts#polygon
observable type,693,https://isotc211.geolexica.org/api/concepts#observable_type
child element (XML);,692,https://isotc211.geolexica.org/api/concepts#child_element_XML
user,691,https://isotc211.geolexica.org/api/concepts#user
tracking device,690,https://isotc211.geolexica.org/api/concepts#tracking_device
timestamp,689,https://isotc211.geolexica.org/api/concepts#timestamp
temporal sequence,688,https://isotc211.geolexica.org/api/concepts#temporal_sequence
target,687,https://isotc211.geolexica.org/api/concepts#target
state (of an object),686,https://isotc211.geolexica.org/api/concepts#state_of_object
spacestamp,685,https://isotc211.geolexica.org/api/concepts#spacestamp
service oriented architecture,684,https://isotc211.geolexica.org/api/concepts#service_oriented_architecture
service broker,683,https://isotc211.geolexica.org/api/concepts#service_broker
rights management,681,https://isotc211.geolexica.org/api/concepts#rights_management
right,680,https://isotc211.geolexica.org/api/concepts#right
resource (ICT),679,https://isotc211.geolexica.org/api/concepts#resourceICT
passive tracking,678,https://isotc211.geolexica.org/api/concepts#passive_tracking
passive object,677,https://isotc211.geolexica.org/api/concepts#passive_object
loosely coupled interface,672,https://isotc211.geolexica.org/api/concepts#loosely_coupled_interface
license,670,https://isotc211.geolexica.org/api/concepts#license
interoperate,669,https://isotc211.geolexica.org/api/concepts#interoperate
integration,668,https://isotc211.geolexica.org/api/concepts#integration
identity,667,https://isotc211.geolexica.org/api/concepts#identity
distance metric,665,https://isotc211.geolexica.org/api/concepts#distance_metric
distance measure,664,https://isotc211.geolexica.org/api/concepts#distance_measure
discrete spatiotemporal object,663,https://isotc211.geolexica.org/api/concepts#discrete_spatiotemp_object
discrete change,662,https://isotc211.geolexica.org/api/concepts#discrete_change
digital item,661,https://isotc211.geolexica.org/api/concepts#digital_item
coupling,660,https://isotc211.geolexica.org/api/concepts#coupling
continuous change,659,https://isotc211.geolexica.org/api/concepts#continuous_change
basic service,658,https://isotc211.geolexica.org/api/concepts#basic_service
active object,656,https://isotc211.geolexica.org/api/concepts#active_object
trajectory,646,https://isotc211.geolexica.org/api/concepts#trajectory
prism (one parameter set of geometries),645,https://isotc211.geolexica.org/api/concepts#prism_one_param_set_geom
one parameter set of geometries,644,https://isotc211.geolexica.org/api/concepts#one_param_set_geom
leaf (one parameter set of geometries),643,https://isotc211.geolexica.org/api/concepts#leaf_one_parameter
foliation,642,https://isotc211.geolexica.org/api/concepts#foliation
scene,640,https://isotc211.geolexica.org/api/concepts#scene
resolution (of a sensor),639,https://isotc211.geolexica.org/api/concepts#resolution_sensor
data quality basic measure,632,https://isotc211.geolexica.org/api/concepts#data_quality_basic_measure
transportation mode,630,https://isotc211.geolexica.org/api/concepts#transportation_mode
vertical datum,629,https://isotc211.geolexica.org/api/concepts#vertical_datum
unit,627,https://isotc211.geolexica.org/api/concepts#unit
semi-minor axis,623,https://isotc211.geolexica.org/api/concepts#semi_minor_axis
semi-major axis,622,https://isotc211.geolexica.org/api/concepts#semi_major_axis
polar coordinate system,620,https://isotc211.geolexica.org/api/concepts#polar_coord_system
pixel,619,https://isotc211.geolexica.org/api/concepts#pixel
map projection,618,https://isotc211.geolexica.org/api/concepts#map_projection
linear coordinate system,617,https://isotc211.geolexica.org/api/concepts#linear_coord_system
height,614,https://isotc211.geolexica.org/api/concepts#height
depth,605,https://isotc211.geolexica.org/api/concepts#depth
cylindrical coordinate system,603,https://isotc211.geolexica.org/api/concepts#cylind_coord_system
concatenated operation,600,https://isotc211.geolexica.org/api/concepts#concatenated_operation
affine coordinate system,598,https://isotc211.geolexica.org/api/concepts#affine_coordinate_system
radiant energy,572,https://isotc211.geolexica.org/api/concepts#radiant_energy
measurement,560,https://isotc211.geolexica.org/api/concepts#measurement
measurand,559,https://isotc211.geolexica.org/api/concepts#measurand
knowledge base,558,https://isotc211.geolexica.org/api/concepts#knowledge_base
image,551,https://isotc211.geolexica.org/api/concepts#image
principal register,535,https://isotc211.geolexica.org/api/concepts#principal_register
property (GML),534,https://isotc211.geolexica.org/api/concepts#propertyGML
attribute (XML),532,https://isotc211.geolexica.org/api/concepts#attributeXML
principal point of best symmetry,521,https://isotc211.geolexica.org/api/concepts#principal_point_symmetry
objective,519,https://isotc211.geolexica.org/api/concepts#objective
object point,518,https://isotc211.geolexica.org/api/concepts#object_point
supersession,510,https://isotc211.geolexica.org/api/concepts#supersession
retirement,509,https://isotc211.geolexica.org/api/concepts#retirement
register manager,508,https://isotc211.geolexica.org/api/concepts#register_manager
locale,507,https://isotc211.geolexica.org/api/concepts#locale
clarification,506,https://isotc211.geolexica.org/api/concepts#clarification
zero meridian,505,https://isotc211.geolexica.org/api/concepts#zero_meridian
ellipsoidal longitude,504,https://isotc211.geolexica.org/api/concepts#ellipsoid_longitude
ellipsoidal latitude,503,https://isotc211.geolexica.org/api/concepts#ellipsoid_latitude
ellipsoidal coordinate system,502,https://isotc211.geolexica.org/api/concepts#ellipsoid_coord_system
local datum,501,https://isotc211.geolexica.org/api/concepts#local_datum
workflow,499,https://isotc211.geolexica.org/api/concepts#workflow
waypoint,498,https://isotc211.geolexica.org/api/concepts#waypoint
viewpoint (on a system),497,https://isotc211.geolexica.org/api/concepts#viewpoint_system
verification test,495,https://isotc211.geolexica.org/api/concepts#verification_test
vehicle classification,493,https://isotc211.geolexica.org/api/concepts#vehicle_classification
vector geometry,492,https://isotc211.geolexica.org/api/concepts#vector_geometry
vector,491,https://isotc211.geolexica.org/api/concepts#vector
value domain,490,https://isotc211.geolexica.org/api/concepts#value_domain
value (UML),489,https://isotc211.geolexica.org/api/concepts#valueUML
valid time,487,https://isotc211.geolexica.org/api/concepts#valid_time
universe of discourse,486,https://isotc211.geolexica.org/api/concepts#universe_of_discourse
universal solid,485,https://isotc211.geolexica.org/api/concepts#universal_solid
universal face,484,https://isotc211.geolexica.org/api/concepts#universal_face
unit of measure,483,https://isotc211.geolexica.org/api/concepts#unit_of_measure
Uniform Resource Identifier,481,https://isotc211.geolexica.org/api/concepts#Uniform_Resource_Identifier
uncertainty,480,https://isotc211.geolexica.org/api/concepts#uncertainty
turn,478,https://isotc211.geolexica.org/api/concepts#turn
tuple,477,https://isotc211.geolexica.org/api/concepts#tuple
triangulated irregular network,476,https://isotc211.geolexica.org/api/concepts#triangulated_irregular_network
traversal order,475,https://isotc211.geolexica.org/api/concepts#traversal_order
traversable,474,https://isotc211.geolexica.org/api/concepts#traversable
transfer protocol,473,https://isotc211.geolexica.org/api/concepts#transfer_protocol
transaction time,471,https://isotc211.geolexica.org/api/concepts#transaction_time
tracking,470,https://isotc211.geolexica.org/api/concepts#tracking
topological solid,468,https://isotc211.geolexica.org/api/concepts#topological_solid
topological primitive,467,https://isotc211.geolexica.org/api/concepts#topological_primitive
topological object,466,https://isotc211.geolexica.org/api/concepts#topological_object
topological expression,465,https://isotc211.geolexica.org/api/concepts#topological_expression
topological dimension,463,https://isotc211.geolexica.org/api/concepts#topological_dimension
topological complex,462,https://isotc211.geolexica.org/api/concepts#topological_complex
topological boundary,461,https://isotc211.geolexica.org/api/concepts#topological_boundary
Thiessen polygon,460,https://isotc211.geolexica.org/api/concepts#Thiessen_polygon
testing laboratory,458,https://isotc211.geolexica.org/api/concepts#testing_laboratory
tessellation,457,https://isotc211.geolexica.org/api/concepts#tessellation
terminological record,455,https://isotc211.geolexica.org/api/concepts#terminological_record
term instance classification,453,https://isotc211.geolexica.org/api/concepts#term_instance_classification
term equivalent,452,https://isotc211.geolexica.org/api/concepts#term_equivalent
term,451,https://isotc211.geolexica.org/api/concepts#term
temporal reference system,450,https://isotc211.geolexica.org/api/concepts#temporal_reference_system
temporal position,449,https://isotc211.geolexica.org/api/concepts#temporal_position
temporal feature operation,448,https://isotc211.geolexica.org/api/concepts#temporal_feature_operation
temporal feature association,447,https://isotc211.geolexica.org/api/concepts#temporal_feature_association
temporal coordinate system,446,https://isotc211.geolexica.org/api/concepts#temporal_coordinate_system
temporal coordinate,445,https://isotc211.geolexica.org/api/concepts#temporal_coordinate
technology viewpoint,444,https://isotc211.geolexica.org/api/concepts#technology_viewpoint
technical standard,443,https://isotc211.geolexica.org/api/concepts#technical_standard
tagged value (XML),442,https://isotc211.geolexica.org/api/concepts#tagged_value_XML
tag (XML),441,https://isotc211.geolexica.org/api/concepts#tagXML
System Under Test,440,https://isotc211.geolexica.org/api/concepts#System_Under_Test
surface patch,438,https://isotc211.geolexica.org/api/concepts#surface_patch
surface,437,https://isotc211.geolexica.org/api/concepts#surface
subregister,436,https://isotc211.geolexica.org/api/concepts#subregister
submitting organization,435,https://isotc211.geolexica.org/api/concepts#submitting_organization
subcomplex,434,https://isotc211.geolexica.org/api/concepts#subcomplex
strong substitutability,433,https://isotc211.geolexica.org/api/concepts#strong_substitutability
stereotype (UML),432,https://isotc211.geolexica.org/api/concepts#stereotypeUML
start point,429,https://isotc211.geolexica.org/api/concepts#start_point
start node,428,https://isotc211.geolexica.org/api/concepts#start_node
"start node (topology, graph theory)",428,https://isotc211.geolexica.org/api/concepts#start_node
specification (UML),425,https://isotc211.geolexica.org/api/concepts#specificationUML
spatiotemporal object,424,https://isotc211.geolexica.org/api/concepts#spatiotemp_object
spatiotemporal domain <coverage>,423,https://isotc211.geolexica.org/api/concepts#spatiotemp_domain_coverage
spatial reference system,422,https://isotc211.geolexica.org/api/concepts#spatial_reference_system
spatial reference,421,https://isotc211.geolexica.org/api/concepts#spatial_reference
spatial operator,420,https://isotc211.geolexica.org/api/concepts#spatial_operator
spatial object,419,https://isotc211.geolexica.org/api/concepts#spatial_object
spatial attribute,418,https://isotc211.geolexica.org/api/concepts#spatial_attribute
source reference,417,https://isotc211.geolexica.org/api/concepts#source_reference
solid,416,https://isotc211.geolexica.org/api/concepts#solid
slope,415,https://isotc211.geolexica.org/api/concepts#slope
simple feature,412,https://isotc211.geolexica.org/api/concepts#simple_feature
simple,411,https://isotc211.geolexica.org/api/concepts#simple
shell,410,https://isotc211.geolexica.org/api/concepts#shell
set,409,https://isotc211.geolexica.org/api/concepts#set
service metadata,408,https://isotc211.geolexica.org/api/concepts#service_metadata
service interface,407,https://isotc211.geolexica.org/api/concepts#service_interface
service chain,406,https://isotc211.geolexica.org/api/concepts#service_chain
service,405,https://isotc211.geolexica.org/api/concepts#service
server,404,https://isotc211.geolexica.org/api/concepts#server
sequence,403,https://isotc211.geolexica.org/api/concepts#sequence
semantic type,398,https://isotc211.geolexica.org/api/concepts#semantic_type
segment,397,https://isotc211.geolexica.org/api/concepts#segment
schema model,396,https://isotc211.geolexica.org/api/concepts#schema_model
schema,395,https://isotc211.geolexica.org/api/concepts#schema
satellite positioning system,392,https://isotc211.geolexica.org/api/concepts#satellite_posit_system
routing,391,https://isotc211.geolexica.org/api/concepts#routing
route traversal,390,https://isotc211.geolexica.org/api/concepts#route_traversal
route instruction,389,https://isotc211.geolexica.org/api/concepts#route_instruction
route,387,https://isotc211.geolexica.org/api/concepts#route
robustness testing,386,https://isotc211.geolexica.org/api/concepts#robustness_testing
ring,385,https://isotc211.geolexica.org/api/concepts#ring
response,384,https://isotc211.geolexica.org/api/concepts#response
resource,383,https://isotc211.geolexica.org/api/concepts#resource
request,380,https://isotc211.geolexica.org/api/concepts#request
remote sensing,379,https://isotc211.geolexica.org/api/concepts#remote_sensing
relative positional accuracy,378,https://isotc211.geolexica.org/api/concepts#relative_positional_accuracy
relative position,377,https://isotc211.geolexica.org/api/concepts#relative_position
relationship (UML),376,https://isotc211.geolexica.org/api/concepts#relationshipUML
registry,375,https://isotc211.geolexica.org/api/concepts#registry
registration,373,https://isotc211.geolexica.org/api/concepts#registration
register owner,372,https://isotc211.geolexica.org/api/concepts#register_owner
register,371,https://isotc211.geolexica.org/api/concepts#register
refinement (UML),370,https://isotc211.geolexica.org/api/concepts#refinementUML
referenceable grid,369,https://isotc211.geolexica.org/api/concepts#referenceable_grid
reference data,368,https://isotc211.geolexica.org/api/concepts#reference_data
rectified grid,367,https://isotc211.geolexica.org/api/concepts#rectified_grid
record,366,https://isotc211.geolexica.org/api/concepts#record
raster,364,https://isotc211.geolexica.org/api/concepts#raster
range (coverage),363,https://isotc211.geolexica.org/api/concepts#range_coverage
quality schema,360,https://isotc211.geolexica.org/api/concepts#quality_schema
quality,359,https://isotc211.geolexica.org/api/concepts#quality
profile,356,https://isotc211.geolexica.org/api/concepts#profile
product specification,355,https://isotc211.geolexica.org/api/concepts#product_specification
prime meridian,352,https://isotc211.geolexica.org/api/concepts#prime_meridian
preferred term,351,https://isotc211.geolexica.org/api/concepts#preferred_term
precision,350,https://isotc211.geolexica.org/api/concepts#precision
positional system,349,https://isotc211.geolexica.org/api/concepts#positional_system
positional accuracy,348,https://isotc211.geolexica.org/api/concepts#positional_accuracy
position,347,https://isotc211.geolexica.org/api/concepts#position
portrayal specification,346,https://isotc211.geolexica.org/api/concepts#portrayal_specification
portrayal service,345,https://isotc211.geolexica.org/api/concepts#portrayal_service
portrayal rule,344,https://isotc211.geolexica.org/api/concepts#portrayal_rule
portrayal catalogue,343,https://isotc211.geolexica.org/api/concepts#portrayal_catalogue
portrayal,342,https://isotc211.geolexica.org/api/concepts#portrayal
population,341,https://isotc211.geolexica.org/api/concepts#population
polygon coverage,340,https://isotc211.geolexica.org/api/concepts#polygon_coverage
point coverage,337,https://isotc211.geolexica.org/api/concepts#point_coverage
point,336,https://isotc211.geolexica.org/api/concepts#point
planar topological complex,335,https://isotc211.geolexica.org/api/concepts#planar_topo_complex
physical quantity,333,https://isotc211.geolexica.org/api/concepts#physical_quantity
periodic time,331,https://isotc211.geolexica.org/api/concepts#periodic_time
period,330,https://isotc211.geolexica.org/api/concepts#period
performance testing,329,https://isotc211.geolexica.org/api/concepts#performance_testing
performance indicator,328,https://isotc211.geolexica.org/api/concepts#performance_indicator
pass verdict,326,https://isotc211.geolexica.org/api/concepts#pass_verdict
package (UML),325,https://isotc211.geolexica.org/api/concepts#packageUML
ordinal temporal reference system,323,https://isotc211.geolexica.org/api/concepts#ordinal_temp_ref_system
ordinal scale,322,https://isotc211.geolexica.org/api/concepts#ordinal_scale
ordinal era,321,https://isotc211.geolexica.org/api/concepts#ordinal_era
optical positioning system,320,https://isotc211.geolexica.org/api/concepts#optical_posit_system
operation (UML),319,https://isotc211.geolexica.org/api/concepts#operationUML
operation,318,https://isotc211.geolexica.org/api/concepts#operation
operating conditions,317,https://isotc211.geolexica.org/api/concepts#operating_conditions
open systems environment,316,https://isotc211.geolexica.org/api/concepts#open_systems_enviro
obsolete term,315,https://isotc211.geolexica.org/api/concepts#obsolete_term
object (UML),313,https://isotc211.geolexica.org/api/concepts#objectUML
object,312,https://isotc211.geolexica.org/api/concepts#object
northing,311,https://isotc211.geolexica.org/api/concepts#northing
non-conformance,310,https://isotc211.geolexica.org/api/concepts#non_conformance
node,309,https://isotc211.geolexica.org/api/concepts#node
network,308,https://isotc211.geolexica.org/api/concepts#network
neighbourhood,307,https://isotc211.geolexica.org/api/concepts#neighbourhood
navigation,306,https://isotc211.geolexica.org/api/concepts#navigation
multiplicity (UML),304,https://isotc211.geolexica.org/api/concepts#multiplicityUML
motion,301,https://isotc211.geolexica.org/api/concepts#motion
month,300,https://isotc211.geolexica.org/api/concepts#month
model,299,https://isotc211.geolexica.org/api/concepts#model
method (UML),295,https://isotc211.geolexica.org/api/concepts#methodUML
metamodel (UML),294,https://isotc211.geolexica.org/api/concepts#metamodelUML
metadata section,293,https://isotc211.geolexica.org/api/concepts#metadata_section
metadata schema,292,https://isotc211.geolexica.org/api/concepts#metadata_schema
metadata entity,291,https://isotc211.geolexica.org/api/concepts#metadata_entity
metadata element,290,https://isotc211.geolexica.org/api/concepts#metadata_element
metadata,289,https://isotc211.geolexica.org/api/concepts#metadata
medium,287,https://isotc211.geolexica.org/api/concepts#medium
measure (GML),286,https://isotc211.geolexica.org/api/concepts#measureGML
mean sea level,284,https://isotc211.geolexica.org/api/concepts#mean_sea_level
map,282,https://isotc211.geolexica.org/api/concepts#map
"maneuver, manuvre",281,https://isotc211.geolexica.org/api/concepts#maneuver_manuvre
main-road rule,280,https://isotc211.geolexica.org/api/concepts#main_road_rule
location dependent service,279,https://isotc211.geolexica.org/api/concepts#location_dependent_service
location based service,278,https://isotc211.geolexica.org/api/concepts#location_based_service
location,276,https://isotc211.geolexica.org/api/concepts#location
link position,275,https://isotc211.geolexica.org/api/concepts#link_position
link,274,https://isotc211.geolexica.org/api/concepts#link
linear referencing system,273,https://isotc211.geolexica.org/api/concepts#linear_referencing_system
linear reference system,272,https://isotc211.geolexica.org/api/concepts#linear_reference_system
linear positioning system,271,https://isotc211.geolexica.org/api/concepts#linear_posit_system
line string,270,https://isotc211.geolexica.org/api/concepts#line_string
life span,269,https://isotc211.geolexica.org/api/concepts#life_span
lexical language,268,https://isotc211.geolexica.org/api/concepts#lexical_language
layer,267,https://isotc211.geolexica.org/api/concepts#layer
language identifier,266,https://isotc211.geolexica.org/api/concepts#language_identifier
junction,265,https://isotc211.geolexica.org/api/concepts#junction
Julian day number,264,https://isotc211.geolexica.org/api/concepts#Julian_day_number
Julian date,263,https://isotc211.geolexica.org/api/concepts#Julian_date
item class,261,https://isotc211.geolexica.org/api/concepts#item_class
item,260,https://isotc211.geolexica.org/api/concepts#item
isomorphism,259,https://isotc211.geolexica.org/api/concepts#isomorphism
isolated node,258,https://isotc211.geolexica.org/api/concepts#isolated_node
inverse evaluation (coverage),257,https://isotc211.geolexica.org/api/concepts#inverse_evaluation
interval scale,256,https://isotc211.geolexica.org/api/concepts#interval_scale
interoperability,255,https://isotc211.geolexica.org/api/concepts#interoperability
interior,254,https://isotc211.geolexica.org/api/concepts#interior
interface (UML),252,https://isotc211.geolexica.org/api/concepts#interfaceUML
interface,251,https://isotc211.geolexica.org/api/concepts#interface
integrated positioning system,250,https://isotc211.geolexica.org/api/concepts#integrated_position_system
instantiate,248,https://isotc211.geolexica.org/api/concepts#instantiate
instant,247,https://isotc211.geolexica.org/api/concepts#instant
instance model,246,https://isotc211.geolexica.org/api/concepts#instance_model
instance,244,https://isotc211.geolexica.org/api/concepts#instance
inheritance,243,https://isotc211.geolexica.org/api/concepts#inheritance
inheritance (UML),243,https://isotc211.geolexica.org/api/concepts#inheritance
information viewpoint,242,https://isotc211.geolexica.org/api/concepts#information_viewpoint
information,241,https://isotc211.geolexica.org/api/concepts#information
inertial positioning system,240,https://isotc211.geolexica.org/api/concepts#inert_position_system
indirect evaluation method,239,https://isotc211.geolexica.org/api/concepts#indirect_eval_method
inconclusive verdict,238,https://isotc211.geolexica.org/api/concepts#inconclusive_verdict
Implementation eXtra Information for Testing,237,https://isotc211.geolexica.org/api/concepts#Implemen_eXtra_Info_Testing
Implementation Conformance Statement,236,https://isotc211.geolexica.org/api/concepts#Implement_Conform_Statement
implementation,235,https://isotc211.geolexica.org/api/concepts#implementation
image point,232,https://isotc211.geolexica.org/api/concepts#image_point
homomorphism,228,https://isotc211.geolexica.org/api/concepts#homomorphism
gridded data,224,https://isotc211.geolexica.org/api/concepts#gridded_data
grid point,223,https://isotc211.geolexica.org/api/concepts#grid_point
grid coordinates,222,https://isotc211.geolexica.org/api/concepts#grid_coordinates
grid,221,https://isotc211.geolexica.org/api/concepts#grid
Gregorian calendar,220,https://isotc211.geolexica.org/api/concepts#Gregorian_calendar
geometry property,219,https://isotc211.geolexica.org/api/concepts#geometry_property
gravity-related height,218,https://isotc211.geolexica.org/api/concepts#gravity_related_height
geometric set,217,https://isotc211.geolexica.org/api/concepts#geometric_set
geometric set (geometry),217,https://isotc211.geolexica.org/api/concepts#geometric_set
geometric realization,216,https://isotc211.geolexica.org/api/concepts#geometric_realization
geometric primitive,215,https://isotc211.geolexica.org/api/concepts#geometric_primitive
geometric primitive (geometry),215,https://isotc211.geolexica.org/api/concepts#geometric_primitive
geometric object,214,https://isotc211.geolexica.org/api/concepts#geometric_object
geometric dimension,213,https://isotc211.geolexica.org/api/concepts#geometric_dimension
"geometric dimension (geometry, topology)",213,https://isotc211.geolexica.org/api/concepts#geometric_dimension
geometric complex,212,https://isotc211.geolexica.org/api/concepts#geometric_complex
geometric boundary,211,https://isotc211.geolexica.org/api/concepts#geometric_boundary
geometric aggregate,210,https://isotc211.geolexica.org/api/concepts#geometric_aggregate
geographic information system,207,https://isotc211.geolexica.org/api/concepts#geographic_info_system
geographic information service,206,https://isotc211.geolexica.org/api/concepts#geographic_info_service
geographic information,205,https://isotc211.geolexica.org/api/concepts#geographic_information
geographic identifier,204,https://isotc211.geolexica.org/api/concepts#geographic_identifier
geographic feature,203,https://isotc211.geolexica.org/api/concepts#geographic_feature
geographic data,202,https://isotc211.geolexica.org/api/concepts#geographic_data
geodetic longitude,201,https://isotc211.geolexica.org/api/concepts#geodetic_longitude
geodetic latitude,200,https://isotc211.geolexica.org/api/concepts#geodetic_latitude
geodetic height,199,https://isotc211.geolexica.org/api/concepts#geodetic_height
geodetic coordinate system,196,https://isotc211.geolexica.org/api/concepts#geodetic_coord_system
geocoding,195,https://isotc211.geolexica.org/api/concepts#geocoding
gazetteer,193,https://isotc211.geolexica.org/api/concepts#gazetteer
functional standard,192,https://isotc211.geolexica.org/api/concepts#functional_standard
functional language,191,https://isotc211.geolexica.org/api/concepts#functional_language
function,190,https://isotc211.geolexica.org/api/concepts#function
full inspection,189,https://isotc211.geolexica.org/api/concepts#full_inspection
framework,188,https://isotc211.geolexica.org/api/concepts#framework
flattening,187,https://isotc211.geolexica.org/api/concepts#flattening
file,186,https://isotc211.geolexica.org/api/concepts#file
feature table,182,https://isotc211.geolexica.org/api/concepts#feature_table
feature succession,181,https://isotc211.geolexica.org/api/concepts#feature_succession
feature substitution,180,https://isotc211.geolexica.org/api/concepts#feature_substitution
feature portrayal rule set,178,https://isotc211.geolexica.org/api/concepts#feature_portrayal_rule_set
feature operation,177,https://isotc211.geolexica.org/api/concepts#feature_operation
feature fusion,175,https://isotc211.geolexica.org/api/concepts#feature_fusion
feature division,174,https://isotc211.geolexica.org/api/concepts#feature_division
feature attribute,170,https://isotc211.geolexica.org/api/concepts#feature_attribute
feature association,169,https://isotc211.geolexica.org/api/concepts#feature_association
feature,168,https://isotc211.geolexica.org/api/concepts#feature
falsification test,167,https://isotc211.geolexica.org/api/concepts#falsification_test
fail verdict,166,https://isotc211.geolexica.org/api/concepts#fail_verdict
face,165,https://isotc211.geolexica.org/api/concepts#face
external function,164,https://isotc211.geolexica.org/api/concepts#external_function
exterior,163,https://isotc211.geolexica.org/api/concepts#exterior
executable test suite,162,https://isotc211.geolexica.org/api/concepts#executable_test_suite
executable test case,161,https://isotc211.geolexica.org/api/concepts#executable_test_case
event,160,https://isotc211.geolexica.org/api/concepts#event
evaluation (coverage),159,https://isotc211.geolexica.org/api/concepts#evaluation_coverage
enterprise viewpoint,158,https://isotc211.geolexica.org/api/concepts#enterprise_viewpoint
engineering viewpoint,157,https://isotc211.geolexica.org/api/concepts#engineering_viewpoint
engineering datum,156,https://isotc211.geolexica.org/api/concepts#engineering_datum
end point,155,https://isotc211.geolexica.org/api/concepts#end_point
end node,154,https://isotc211.geolexica.org/api/concepts#end_node
encoding service,153,https://isotc211.geolexica.org/api/concepts#encoding_service
encoding rule,152,https://isotc211.geolexica.org/api/concepts#encoding_rule
encoding,151,https://isotc211.geolexica.org/api/concepts#encoding
ellipsoid height,150,https://isotc211.geolexica.org/api/concepts#ellipsoid_height
ellipsoid,149,https://isotc211.geolexica.org/api/concepts#ellipsoid
element (XML),148,https://isotc211.geolexica.org/api/concepts#elementXML
edge-node graph,147,https://isotc211.geolexica.org/api/concepts#edge_node_graph
edge,146,https://isotc211.geolexica.org/api/concepts#edge
easting,145,https://isotc211.geolexica.org/api/concepts#easting
domain,144,https://isotc211.geolexica.org/api/concepts#domain
distribution transparency,143,https://isotc211.geolexica.org/api/concepts#distribution_transparency
discrete coverage,141,https://isotc211.geolexica.org/api/concepts#discrete_coverage
directed topological object,140,https://isotc211.geolexica.org/api/concepts#directed_topo_object
directed solid,139,https://isotc211.geolexica.org/api/concepts#directed_solid
directed node,138,https://isotc211.geolexica.org/api/concepts#directed_node
directed face,137,https://isotc211.geolexica.org/api/concepts#directed_face
directed edge,136,https://isotc211.geolexica.org/api/concepts#directed_edge
direct position,135,https://isotc211.geolexica.org/api/concepts#direct_position
direct evaluation method,134,https://isotc211.geolexica.org/api/concepts#direct_eval_method
Dijkstra graph,133,https://isotc211.geolexica.org/api/concepts#Dijkstra_graph
deprecated term,131,https://isotc211.geolexica.org/api/concepts#deprecated_term
dependency (UML),130,https://isotc211.geolexica.org/api/concepts#dependencyUML
Delaunay triangulation,129,https://isotc211.geolexica.org/api/concepts#Delaunay_triangulation
definition,128,https://isotc211.geolexica.org/api/concepts#definition
day,127,https://isotc211.geolexica.org/api/concepts#day
dataset series,125,https://isotc211.geolexica.org/api/concepts#dataset_series
dataset,124,https://isotc211.geolexica.org/api/concepts#dataset
data type,123,https://isotc211.geolexica.org/api/concepts#data_type
data transfer,122,https://isotc211.geolexica.org/api/concepts#data_transfer
data quality value unit,121,https://isotc211.geolexica.org/api/concepts#data_quality_value_unit
data quality value type,120,https://isotc211.geolexica.org/api/concepts#data_quality_value_type
data quality subelement,119,https://isotc211.geolexica.org/api/concepts#data_quality_subelement
data quality scope,118,https://isotc211.geolexica.org/api/concepts#data_quality_scope
data quality result,117,https://isotc211.geolexica.org/api/concepts#data_quality_result
data quality overview element,116,https://isotc211.geolexica.org/api/concepts#data_quality_over_element
data quality measure,115,https://isotc211.geolexica.org/api/concepts#data_quality_measure
data quality evaluation procedure,114,https://isotc211.geolexica.org/api/concepts#data_quality_eval_procedure
data quality element,113,https://isotc211.geolexica.org/api/concepts#data_quality_element
data quality date,112,https://isotc211.geolexica.org/api/concepts#data_quality_date
data product specification,111,https://isotc211.geolexica.org/api/concepts#data_product_specification
data product,110,https://isotc211.geolexica.org/api/concepts#data_product
data level,108,https://isotc211.geolexica.org/api/concepts#data_level
data interchange,107,https://isotc211.geolexica.org/api/concepts#data_interchange
data element,105,https://isotc211.geolexica.org/api/concepts#data_element
data,104,https://isotc211.geolexica.org/api/concepts#data
cycle (geometry),103,https://isotc211.geolexica.org/api/concepts#cycle_geometry
curve segment,102,https://isotc211.geolexica.org/api/concepts#curve_segment
curve,101,https://isotc211.geolexica.org/api/concepts#curve
coverage geometry,100,https://isotc211.geolexica.org/api/concepts#coverage_geometry
coverage,99,https://isotc211.geolexica.org/api/concepts#coverage
cost function,97,https://isotc211.geolexica.org/api/concepts#cost_function
Coordinated Universal Time (UTC),96,https://isotc211.geolexica.org/api/concepts#Coordinated_Universal_Time
coordinate system,93,https://isotc211.geolexica.org/api/concepts#coordinate_system
coordinate operation,91,https://isotc211.geolexica.org/api/concepts#coordinate_operation
coordinate dimension,90,https://isotc211.geolexica.org/api/concepts#coordinate_dimension
coordinate,88,https://isotc211.geolexica.org/api/concepts#coordinate
convex set,87,https://isotc211.geolexica.org/api/concepts#convex_set
convex hull,86,https://isotc211.geolexica.org/api/concepts#convex_hull
conversion rule,85,https://isotc211.geolexica.org/api/concepts#conversion_rule
control body,84,https://isotc211.geolexica.org/api/concepts#control_body
continuous coverage,83,https://isotc211.geolexica.org/api/concepts#continuous_coverage
content model,82,https://isotc211.geolexica.org/api/concepts#content_model
constraint (UML),81,https://isotc211.geolexica.org/api/concepts#constraintUML
connected node,79,https://isotc211.geolexica.org/api/concepts#connected_node
connected,78,https://isotc211.geolexica.org/api/concepts#connected
conforming implementation,77,https://isotc211.geolexica.org/api/concepts#conforming_implementation
conformance testings,76,https://isotc211.geolexica.org/api/concepts#conformance_testing
conformance test report,75,https://isotc211.geolexica.org/api/concepts#conformance_test_report
conformance quality level,74,https://isotc211.geolexica.org/api/concepts#conformance_quality_level
conformance clause,73,https://isotc211.geolexica.org/api/concepts#conformance_clause
conformance assessment process,72,https://isotc211.geolexica.org/api/concepts#conformance_assess_process
conformance,71,https://isotc211.geolexica.org/api/concepts#conformance
conceptual schema language,70,https://isotc211.geolexica.org/api/concepts#conceptual_schema_language
conceptual schema,69,https://isotc211.geolexica.org/api/concepts#conceptual_schema
conceptual model,68,https://isotc211.geolexica.org/api/concepts#conceptual_model
conceptual formalism,67,https://isotc211.geolexica.org/api/concepts#conceptual_formalism
composite surface,66,https://isotc211.geolexica.org/api/concepts#concept_system
concept,64,https://isotc211.geolexica.org/api/concepts#concept
computational viewpoint,63,https://isotc211.geolexica.org/api/concepts#computational_viewpoint
computational topology,62,https://isotc211.geolexica.org/api/concepts#computational_topology
computational geometry,61,https://isotc211.geolexica.org/api/concepts#computational_geometry
composite surface,57,https://isotc211.geolexica.org/api/concepts#composite_surface
composite solid,56,https://isotc211.geolexica.org/api/concepts#composite_solid
composite curve,55,https://isotc211.geolexica.org/api/concepts#composite_curve
complex feature,52,https://isotc211.geolexica.org/api/concepts#complex_feature
codespace,51,https://isotc211.geolexica.org/api/concepts#codespace
codelist,50,https://isotc211.geolexica.org/api/concepts#codelist
code,49,https://isotc211.geolexica.org/api/concepts#code
coboundary,48,https://isotc211.geolexica.org/api/concepts#coboundary
cluster,47,https://isotc211.geolexica.org/api/concepts#cluster2
closure,46,https://isotc211.geolexica.org/api/concepts#closure
client,45,https://isotc211.geolexica.org/api/concepts#client
classifier (UML),44,https://isotc211.geolexica.org/api/concepts#classifierUML
class (UML),43,https://isotc211.geolexica.org/api/concepts#classUML
circular sequence,41,https://isotc211.geolexica.org/api/concepts#circular_sequence
character,39,https://isotc211.geolexica.org/api/concepts#character
Cartesian coordinate system,37,https://isotc211.geolexica.org/api/concepts#cartesian_coordinate_system
cardinality (UML),36,https://isotc211.geolexica.org/api/concepts#cardinalityUML
capability test,35,https://isotc211.geolexica.org/api/concepts#capability_test
candidate route,34,https://isotc211.geolexica.org/api/concepts#candidate_route
calendar era,32,https://isotc211.geolexica.org/api/concepts#calendar_era
calendar,31,https://isotc211.geolexica.org/api/concepts#calendar
buffer,30,https://isotc211.geolexica.org/api/concepts#buffer
boundary,29,https://isotc211.geolexica.org/api/concepts#boundary
behaviour (UML),28,https://isotc211.geolexica.org/api/concepts#behaviour
basic test,27,https://isotc211.geolexica.org/api/concepts#basic_test
base standard,26,https://isotc211.geolexica.org/api/concepts#base_standard
bag,24,https://isotc211.geolexica.org/api/concepts#bag
attribute (UML),20,https://isotc211.geolexica.org/api/concepts#attributeUML
attribute,19,https://isotc211.geolexica.org/api/concepts#attribute
attitude,18,https://isotc211.geolexica.org/api/concepts#attitude
association (UML);,17,https://isotc211.geolexica.org/api/concepts#association
application schema,15,https://isotc211.geolexica.org/api/concepts#application_schema
application,14,https://isotc211.geolexica.org/api/concepts#application
annotation,13,https://isotc211.geolexica.org/api/concepts#annotation
altitude,12,https://isotc211.geolexica.org/api/concepts#altitude
aggregation (UML),11,https://isotc211.geolexica.org/api/concepts#aggregation
admitted term,10,https://isotc211.geolexica.org/api/concepts#admitted_term
actor (UML),9,https://isotc211.geolexica.org/api/concepts#actor
accuracy,8,https://isotc211.geolexica.org/api/concepts#accuracy
acceptance testing (user),7,https://isotc211.geolexica.org/api/concepts#acceptance_testing
abstract test suite,6,https://isotc211.geolexica.org/api/concepts#abstract_test_suite
abstract test module,5,https://isotc211.geolexica.org/api/concepts#abstract_test_module
abstract test method,4,https://isotc211.geolexica.org/api/concepts#abstract_test_method
abstract test case,3,https://isotc211.geolexica.org/api/concepts#abstract_test_case
abbreviation,2,https://isotc211.geolexica.org/api/concepts#abbrev
